date,Comentarios,round_time,Fuente,categoria
01/01/2023,"Resuelto, muchisimas gracias , excelente servicio como siempre",22,Twitter,soporte
02/01/2023,"Muchas gracias, espero su dm",15,Twitter,soporte
02/01/2023,Muchas gracias!,13,Twitter,halago
02/01/2023,Algo similar me paso. Queria renovar mi token para poder hacer una transferencia antes de cerrar la cuenta y wow. Fue mas facil sacar el dinero por ventanilla.,21,Twitter,producto
02/01/2023,Yeeeei! a traves de mi cuenta en acabo de contratar mi cuenta de ahorro con mi reto de 2023 para tener 25 mil pesos al final del ano. Tiene una super herramienta para domiciliar a mi cuenta eje y asi ahorrar disciplinadamente cada semana! Vamos !!! ,21,Twitter,producto
02/01/2023,Esta es la senal que necesitan para tener el minimo dinero en banamex,15,Twitter,halago
03/01/2023,Gracias ,0,Twitter,halago
03/01/2023,Muchas gracias ,13,Twitter,halago
03/01/2023,"Yo no se mucho, pero te recomiendo la Inversion de . De los mejores rendimientos que he visto, y plazo a 7 dias. Tambien el de esta chingon, pero tienen un limite de 20k en inverson.",13,Twitter,producto
04/01/2023,Gracias por la playera que me dieron en Galerias GDL.,0,Twitter,halago
04/01/2023,buen dia...tengo problemas con mi cuenta,15,Twitter,soporte
05/01/2023,Gracias,15,Twitter,soporte
05/01/2023,Mis Respetos para ustedes... Gracias por el servicio ,13,Twitter,halago
05/01/2023,"Si ya la bloquee y desbloquee y pude hacer el deposito en oxxo, gracias",0,Twitter,soporte
06/01/2023,"Ya todo bien, gracias ",0,Twitter,halago
06/01/2023,Milagro que me gano algo ,22,Twitter,queja
06/01/2023,Siii amigo jajaja esta muy padre y puedes inveir y te da buen rendimiento ,22,Twitter,producto
06/01/2023,nunca habia ganado nada antes  hahaha,22,Twitter,queja
06/01/2023,Con el CashBack de pude pagar mi servicio de internet. yei :),22,Twitter,producto
07/01/2023,Gracias!!!,22,Twitter,halago
07/01/2023,"Listo, gracias",22,Twitter,soporte
07/01/2023,Si gracias,0,Twitter,halago
08/01/2023,A mi me llego una semana despues aprox,15,Twitter,halago
09/01/2023,hola buen dia tengo algunas dudas con mi cuenta podrian ponerse en contacto... Muchas gracias..,13,Twitter,soporte
10/01/2023,Muchas gracias!,0,Twitter,halago
10/01/2023,Muchas gracias ,21,Twitter,halago
10/01/2023,"Bloquea la tarjeta 5 minutos o mas, posteriomente la vuelves a desbloquear y ya la agregas. Esa es la solucion, me confirmas con un tweet por favor.",0,Twitter,soporte
10/01/2023,"Es de 35,000 UDIS (184,000).De todas las plataformas en las que he inveido las mejores son Finsus y cetes para largo plazo y HeyBanco es para mi la mejor opcion para tu fondo de emergencia , ya que tienes liquidez semanal. En Finsus tengo al rededor del 90% de mi poafolio.",15,Twitter,producto
11/01/2023,Excelente Gracias por responder  estaremos muy atentos ,0,Twitter,halago
11/01/2023,"Pues bueno, me quede sin cena, muchas gracias ",13,Twitter,queja
11/01/2023,"Gracias e igualmente, bendiciones ",15,Twitter,halago
11/01/2023,Vale estoy esperando,0,Twitter,soporte
11/01/2023,Muchas gracias espero la respuesta,21,Twitter,soporte
13/01/2023,Me gane 99 pesitos de credito en Amazon coesia de Que agradables sujetos ,22,Twitter,halago
13/01/2023,es mejor,21,Twitter,halago
13/01/2023,Contestenme por favor,13,Twitter,soporte
14/01/2023,Muchas gracias que amables ,21,Twitter,halago
14/01/2023,"heybanco muchos anos como cliente de bancomer y me encontre con y la verdad estoy muy agusto con los servicios, la app y las tarjetas debito y credito",13,Twitter,producto
14/01/2023,amigos les mande dm gracias,21,Twitter,soporte
14/01/2023,solicito su ayuda gracias,21,Twitter,soporte
15/01/2023,Gracias!Ya respondi.Quedo atenta,15,Twitter,soporte
16/01/2023,Va gracias,21,Twitter,soporte
16/01/2023,No se ni a que le pique pero muchas gracias,22,Twitter,queja
16/01/2023,"Planeacion de temporada 2023 de los equipos, gracias a por la ocnfianza desde el dia 1 y se viene la bomba de patrocinio con vamos por el doblete!!!}@DavilaCarloss",15,Twitter,halago
16/01/2023,Por eso son mi banco 1 ,22,Twitter,halago
17/01/2023,Gracias,15,Twitter,halago
17/01/2023,Thanks!,21,Twitter,halago
17/01/2023,Muchas gracias!,22,Twitter,halago
17/01/2023,"Muchas gracias, me ayudo lo suficiente, el cargo ya no procedio, se poaron muy bn aun cuando no me pude comunicar por telefono, fueron muy amables, mil gracias por su interes se hizo cargo de todo",13,Twitter,soporte
17/01/2023,"Increible, gracias HeyBanco!!@heybanco",21,Twitter,halago
17/01/2023,Me contestaron que si.,15,Twitter,soporte
18/01/2023,Gracias,15,Twitter,halago
18/01/2023,Gracias!,0,Twitter,halago
18/01/2023,Graciaaas.,0,Twitter,halago
18/01/2023,"Gracias por estar al pendiente,estoy segura que se va a poner las pilas para que lleguen los incentivos, si no estare pidiendo su apoyo.",21,Twitter,halago
18/01/2023,"La sexta opcion esta opcion es de las mejores, su pagare a 7 dias es el mejor del mercado con tasa del 10% anual solo que la inversion aqui es desde $5,000, tiene un plan de metas que te dan rendimiento a mes vencido del 4% y tu dinero disponible en cualquier momento",13,Twitter,producto
18/01/2023, que buena onda por vos David  a disfrutarlo!!!,22,Twitter,halago
19/01/2023,Gracias,15,Twitter,halago
19/01/2023,"Hola!, me pueden apoyar por favor ",13,Twitter,soporte
19/01/2023,"Eso se agradece, el aviso ",0,Twitter,halago
19/01/2023,"Gracias, ya se ve reflejado. Solucionado. Gracias",0,Twitter,soporte
20/01/2023,"Listo, gracias!",22,Twitter,halago
20/01/2023,Muchas gracias!,15,Twitter,halago
20/01/2023,Los tkm ,13,Twitter,halago
20/01/2023,"Coesia de Animense a sacar cuenta de Hey, muchas gracias por el regalo c:@nei_aokii",15,Twitter,producto
20/01/2023,Cof cof tambien ,21,Twitter,queja
20/01/2023,te lo super recomiendo. Y no te cobran el plastico.,15,Twitter,producto
20/01/2023,"Afounadamente, en Mexico tenemos , que nos da el 10% de lo que tenemos en la cuenta! ",22,Twitter,producto
21/01/2023,"Muchas gracias por darme respuesta, ya se soluciono mi problema, excelente dia!",21,Twitter,soporte
23/01/2023,Gracias !,15,Twitter,halago
23/01/2023,"Muchas gracias, el equipo de me ayudo a resolver el problema y me dieron la recompensa que gane.",0,Twitter,soporte
23/01/2023,Gracias ! Este mes me toco boletoDorado,22,Twitter,producto
23/01/2023,Bello!,0,Twitter,halago
23/01/2023,Aun hay esperanza.. congrats !!,13,Twitter,halago
24/01/2023,Gracias ,21,Twitter,halago
24/01/2023,Gracias.,13,Twitter,halago
24/01/2023,Muchas gracias ,13,Twitter,halago
24/01/2023,Gracias por mi premio de boletodorado ya canjee mi tarjeta de regalo,15,Twitter,producto
24/01/2023,Tio gracias por mi boleto Dorado. Ya por fin me toco algo.,0,Twitter,producto
24/01/2023,No mames que buena suee!,22,Twitter,halago
24/01/2023,"segundo premio, espero lleguen mas",13,Twitter,producto
25/01/2023,Gracias!!!,15,Twitter,halago
25/01/2023,Gracias ,15,Twitter,halago
25/01/2023,"Hola, esto nos beneficia a los usuarios de",13,Twitter,soporte
26/01/2023,Gracias por el apoyo con el seguimiento,0,Twitter,soporte
26/01/2023,Gracias tio hey! Esto nos ayuda bastante.,21,Twitter,halago
26/01/2023,Muchas gracias Un mes gratis de,0,Twitter,halago
27/01/2023,Muchisimas gracias ya me resolvio. Saludos!,13,Twitter,halago
27/01/2023,Vale gracias ,15,Twitter,soporte
27/01/2023,Ya funciono. Como que se cayo solo por unos segundos. Estuvo raro. Muchas gracias,13,Twitter,soporte
27/01/2023,Hola les escribi por DM porque tengo un par de dudas con la TDC.Gracias.,0,Twitter,producto
27/01/2023,Gracias por ser pae de el FC Barcelona,21,Twitter,halago
27/01/2023,cuando me daran un credito tradicional ya llevo mas de un ano con una tarjeta de credito en garantia y he cumplido con mis pagos en tiempo y forma,15,Twitter,producto
28/01/2023,Ok gracias,15,Twitter,soporte
28/01/2023,"Despues de estar 1 ano probando la tarjeta de Credito de puedo decir que es muy buena y ni hablar de la cuenta de debito, realmente en temas de seguridad en transacciones, MUY TOP. tqm Hey.",15,Twitter,producto
28/01/2023,"Amistad, usa si usas tu tarjeta 6 veces al mes en compras de $100 pesos te vuelves HeyPro y tu inversion te da un rendimiento de 10% anual que esta super super bien con comparacion a otros bancos o inveir a 25 anos con Allianz a mi me explico mi prima y suena rebien",15,Twitter,producto
28/01/2023,Excelente,21,Twitter,halago
29/01/2023,Me gane 2 premios,13,Twitter,halago
29/01/2023,Amiga explicame!!!,22,Twitter,soporte
30/01/2023,Muchas gracias por la informacion!,0,Twitter,halago
30/01/2023,ThankU!,13,Twitter,halago
30/01/2023,"Vientos, gracias",15,Twitter,halago
30/01/2023,me encantaria presumir mi premio de boleto dorado... Si tan solo existiera...,15,Twitter,queja
31/01/2023,me pueden proporcionar el link para invitar a mas gente y tener mi beneficio.Gracias,13,Twitter,soporte
01/02/2023,Gracias ,22,Twitter,halago
01/02/2023,"Gracias, lo checo",21,Twitter,halago
01/02/2023,Ya no habra Viaje Financiero del 2022? estaba muy buena esa informacion,0,Twitter,soporte
01/02/2023,Gracias por el dato y como fue soeo ?,13,Twitter,soporte
01/02/2023,"Buen dia, como me.pueden ayudar ya que me realizaron un deposito a mi cuenta de credito pero lo necesito a la de credito",13,Twitter,soporte
02/02/2023,Muchas gracias,13,Twitter,halago
02/02/2023,Gracias ya se soluciono. Buenas tardes,21,Twitter,halago
02/02/2023,Lo realizare.Gracias.,0,Twitter,halago
02/02/2023,En Diciembre me gane una tarjeta de regalo en Amazon con el ticket dorado de HeyBanco y me compre esto:*se emociona en senora*,22,Twitter,halago
03/02/2023,Me funciono mil gracias,13,Twitter,halago
03/02/2023,Gracias pero no es necesario. es una buena opcion. Hasta el momento no he tenido problemas graves con ellos solo es adaptarme a sus procesos. Pero aun asi creo que van por buen camino. Aunque en ocasiones me hagan enojar,22,Twitter,halago
04/02/2023,Mmm. te da el rendimiento del 10% Es buena opcion.,0,Twitter,halago
04/02/2023,Gracias por mi aumento de credito en mi tarjeta !! Muy contenta con sus servicios! ,22,Twitter,producto
05/02/2023,Hablando de Ajolotes el banco sacara esta tarjeta y me encanto.. ,15,Twitter,producto
07/02/2023,"seria la mejor TDC si se pudiera realizar pagos por adelantado en los meses sin intereses como en otras cuentas, siendo una opcion excelente para muchos usuarios",0,Twitter,producto
08/02/2023,"Casi me rindo cuando no obtuve ayuda del equipo de sopoe, afounadamente alguien aqui me refirio a en twitter Enviale un mensaje privado y me lo arreglo, todo gracias a el, contactalo ahora.",22,Twitter,halago
08/02/2023,Gracias por ser el mejor banco ,22,Twitter,halago
10/02/2023,"HeyBanco tiene pagares semanales con 10% anual. O sea, a la semana ya obtienes rendimientos y eso lo puedes reinveir en el siguiente pagare (de forma automatica). Como generas interes compuesto muy rapido, es muchisimo mejor que el 11% anual de CETES.",15,Twitter,producto
11/02/2023,gracias,15,Twitter,halago
11/02/2023,Solucionado. Gracias.,13,Twitter,halago
11/02/2023,"Alch, hechate unas investigadas de CETES, GMB y Hey+. CETES si ocupas investigar chido pero es muy seguro y Hey+ con HeyBanco es dinero seguro y rapido pero poco.",22,Twitter,producto
11/02/2023,Excelente servicio de atencion a clientes en HeyBanco 10/10,21,Twitter,halago
11/02/2023,Por primera vez gane algo en el boleto dorado de mi d'Or los quiero mucho ,21,Twitter,halago
13/02/2023,Ok muchas gracias ,0,Twitter,halago
13/02/2023,Gracias. Porque tengo una duda,22,Twitter,halago
13/02/2023,Gracias a ti por formar pae de esta gran familia!,21,Twitter,halago
13/02/2023,"Despues de lo de hoy, la vida y mi banco favorito dijeron: ten un tarjeta de regalo para que te eches un Starbucks y te relajes un rato.",15,Twitter,producto
14/02/2023,100 % recomendado la vdd,15,Twitter,halago
14/02/2023,Para ver si eres fit y viable para seguros de vida! XD,0,Twitter,queja
14/02/2023,"Que interesante lo que encontre en los permisos que utiliza la aplicacion de @heybanco, estaba activada, como para que lo necesitan?",13,Twitter,soporte
15/02/2023, Gracias ,0,Twitter,halago
15/02/2023,Hola intenta en el telefono o correo de la imagen. (Con la app la verdad yo no he tenido problemas),21,Twitter,soporte
15/02/2023,hola ocupo ayuda con el cambio de numero de celular y con mi token,0,Twitter,soporte
16/02/2023,"Yo la eh pensado cambiar mi nomina con ellos, la tengo con y muy agusto.Que bueno que me dicen para no sacar tarjeta ahi",21,Twitter,producto
16/02/2023,"gracias!!!! ahora, vi algo en relacion a transferencias internacionales... donde veo informacion?",13,Twitter,soporte
16/02/2023,"Pues mas vale, la verdad",15,Twitter,queja
16/02/2023,Ya esta todo listo..,13,Twitter,soporte
17/02/2023,Me acaba de llegar la constancia fiscal de y el ano pasado gane $2400 nomas de tener mi dinero guardado con ellos. 10/10,13,Twitter,halago
17/02/2023,Jamas al menos la amex la primera anualidad es gratis y te da beneficios por compras el primer ano y bonos.,13,Twitter,producto
17/02/2023,"Gracias por la respuesta, estare al pendiente",21,Twitter,halago
18/02/2023,Hola buenas tardes,13,Twitter,soporte
18/02/2023,"Buen dia, muchas gracias! Ya respondi al DM. Me tarde porque pense que no respondian en la noche hehe",0,Twitter,soporte
20/02/2023,Gracias,22,Twitter,halago
20/02/2023,Tqm gracias por poner retiros en cajeros hsbc es el q tengo mas cerquita,0,Twitter,producto
21/02/2023,Hola!!!,0,Twitter,soporte
23/02/2023,Saludos a,13,Twitter,halago
23/02/2023,"real esa tarjeta es la neta, en general el banco es 10/10",0,Twitter,halago
23/02/2023,":o si tengo cuenta pero nunca pedi la fisica, la pedire. Gracias por la recomendacion ",15,Twitter,producto
23/02/2023,como puedo inveir con ustedes y como se genera las ganancias para uno,22,Twitter,soporte
24/02/2023,Que bueno que perdi mi tarjeta porque necesitaba una nueva con este diseno.,15,Twitter,soporte
24/02/2023,.@heybanco tqm  no solo es de los mejores bancos con su producto TDC o pagares bancarios (inveir). Ademas sabe que ando de foraneo y me regalo dinerito en Amazon con mi boleto dorado,21,Twitter,producto
24/02/2023,"Hola buen dia, Al solicitar una tarjeta con diseno nuevo tengo que utilizarla?Recien esta por llegarme la metalica, sin embargo me atraen mucho los disenos como coleccionable... y no quisiera pedir una y perder la metal",15,Twitter,soporte
25/02/2023,"Gracias, hasta ahorita los amo ",21,Twitter,halago
26/02/2023,Gracias bro,13,Twitter,halago
26/02/2023,"Gracias, ya lo envie.",22,Twitter,halago
26/02/2023,"Gracias por responder, quedo en espera de la solucion al problema.",0,Twitter,soporte
26/02/2023,yo hice varias transferencias hace rato y todo bien,15,Twitter,soporte
26/02/2023,A veces solo es cuestion de limpiar el chip antes de pasarla! Asi he solucionado el inconveniente,21,Twitter,soporte
26/02/2023,Estoy muy contesta de compairles esta colaboracion que hice con Hey Banco,0,Twitter,producto
26/02/2023,"Ah ya, gracias, mencionas lo evidente sin nada de relevancia, excelente comentario.",21,Twitter,queja
26/02/2023,Agradecemos tu comprension jaja increible,22,Twitter,halago
26/02/2023,Es correcto. De BBVA a BBVA sin problemas. Ya en Hey avisaron que hasta las 7 aproximadamente.,15,Twitter,soporte
27/02/2023,Gracias ya les respondi,15,Twitter,halago
27/02/2023,Listo!! Gracias,0,Twitter,halago
27/02/2023,Perfecto! Gracias ,21,Twitter,halago
27/02/2023,Pero que tremenda sabiduria  me quede anonadado con este mensaje yo creia que la cantidad que ponia de garantia se utilizaba para los ninos sin alimento o para los indigentes y que con eso ya despues te entregaban una tarjeta de credito   que tremenda explicacion,0,Twitter,producto
27/02/2023,Esta padrisima la tarjeta!!,0,Twitter,halago
27/02/2023,"Esta muy bonito, me hace considerar adquirir la tarjeta",15,Twitter,producto
27/02/2023,Gracias. Ya le mande todos mis datos de mi tarjeta.,0,Twitter,halago
27/02/2023,"Si, sin problema:D",0,Twitter,halago
27/02/2023,"No es problema de ,es ellos son los que tienen la falla. Dalay.",21,Twitter,queja
27/02/2023,"Pf.... Sigues con Intermitencias... y solo Hey Banco, BBVA sin problema.",0,Twitter,queja
27/02/2023,"La primera no habia sido la de chichen itza ?Estoy esperando esa, pero este modelo esta bonito tambien.",22,Twitter,producto
27/02/2023,"Tengo BBVA y Bancoppel, las dos trabajan a la perfeccion.",21,Twitter,producto
27/02/2023,Entiendo le agradezco el comentario y como sugerencia me gustaria recibir una notificacion correo o texto de que el servicio no estara disponible para no caer en esta situacion ya que me sirve de mucha utilidad la tarjeta y me gustaria seguir con ustedes.,22,Twitter,soporte
27/02/2023,Que bien! ,13,Twitter,halago
28/02/2023,"Me siento poderosa !!! Gracias , estoy muy contenta !!!!",15,Twitter,halago
28/02/2023,Esta bien,22,Twitter,halago
28/02/2023,"Yo la tengo y es una maravilla, Servicio eficiente y la app de primera. Altamente recomendable!!!!!",22,Twitter,producto
28/02/2023,"Ay no, yo ya tengo la mia y ese diseno esta super cool !!!",22,Twitter,producto
01/03/2023,"Animense, ya casi un ano con la tarjeta de credito heygarantizada y sin problemas, incluyendo en el extranjero",22,Twitter,producto
02/03/2023,"Gracias, segun recuerdo esto ya lo habia hecho el dia que la fui a activar pero volvere a hacerlo tanto para la TDD como la TDC, gracias:)",15,Twitter,soporte
02/03/2023,Mucho exito! heybanco,15,Twitter,halago
02/03/2023,. recomendadisimas (pd. YoTePresto y 100Ladrillos HechoEnJalisco),15,Twitter,producto
03/03/2023,"Hola muchas gracias por su respuesta en DM, con lo que me indicaron ya logre hacer el movimiento que requeria",15,Twitter,halago
03/03/2023,Manifiesto! Hoy fui y sali enmoradisima. Me subi y asi casi que me voy a dar una vuelta Hermosisimo el carro! Haganme la buena!,22,Twitter,halago
03/03/2023,"Se resolvio con la actualizacion de la app, gracias. Tambien me sirvio el DM ",0,Twitter,halago
03/03/2023,Ustedes son mi banco y la verdad lo estan haciendo muy bien!,15,Twitter,halago
03/03/2023,Definitivamente,13,Twitter,halago
04/03/2023,Gracias por secuestrar la plata en Ahorro Bitcoin fixes this... literalmente eso me salva ,0,Twitter,producto
04/03/2023,Gracias la transferencia fue aplicada al dia siguiente,22,Twitter,soporte
06/03/2023,"Gracias, ya lo resolvi jajaja, me equivoque",22,Twitter,soporte
06/03/2023,Quedo aclarado el tema. Gracias.,15,Twitter,halago
07/03/2023,Bank run!!!,21,Twitter,queja
07/03/2023,Les respondi por privado. Saludos!,15,Twitter,soporte
07/03/2023,eso es bueno saberlo,15,Twitter,halago
08/03/2023,Gracias por la informacion ,15,Twitter,halago
08/03/2023,Gracias!,21,Twitter,halago
08/03/2023,Listo!!!,13,Twitter,halago
08/03/2023,"Asi te da la bienvenida a tu tarjeta de Metal, aun sin beneficios adicionales ",22,Twitter,producto
08/03/2023,"Se cayo la app de todo ha sido una buena experiencia con ustedes, no me fallen cuando se les necesita",0,Twitter,soporte
08/03/2023,La verdad es menos tedioso el proceso de hablar con alguien en me agrada mucho la experiencia.,13,Twitter,halago
09/03/2023,"Gracias, ya les conteste",15,Twitter,halago
09/03/2023,ayuda!!!,0,Twitter,soporte
09/03/2023,"Si gracias, les volvi a contestar hace un par de horas",15,Twitter,soporte
09/03/2023,"Fue mas rapido marcar, tuve que hacer una caa de hechos en donde ponia los datos que queria cambiar y ya lo hicieron, por fin pude instalar el Token. el chico que me atendio super bueno y amable! Se llama Christhian Hernandez ",15,Twitter,halago
10/03/2023,"me avisan si van a la quiebra, para sacar mi dinero de inversion a 7 dias porfas y muchas gracias de antemano los amo ",0,Twitter,soporte
11/03/2023,"Yeah, son los mejores a pesar del veto",21,Twitter,halago
12/03/2023,Muchas gracias!,22,Twitter,halago
12/03/2023,"solucionado, muchas gracias ",21,Twitter,halago
12/03/2023,Ya se puede,21,Twitter,soporte
13/03/2023,Gracias!,0,Twitter,halago
13/03/2023,Gracias :),0,Twitter,halago
13/03/2023,"Me siguen hablando en horario laboral.El que su personal de DHL descuide su trabajo, no significa que yo tenga que descuidar el mio.Si me van a hablar, que sea despues de las 15 hrs o 3 pm.Agradezco que esta vez si lean mi horario y me hablen cuando puedo atender el telefono.",13,Twitter,queja
13/03/2023,Exacto puntos lealtad que solo se cambian en su tiendaPor lo menos en Santander si tienda tenia tecnologia y aiculos para el hogar Mejor que lo cambien por mas cashback,22,Twitter,producto
13/03/2023,Verdaderamente el mejor banco que hay  los tqm mucho ,22,Twitter,halago
13/03/2023,"Bueno, es que yo si pude ya.",0,Twitter,soporte
13/03/2023,Excelente!!,22,Twitter,halago
13/03/2023,Excelente,13,Twitter,halago
13/03/2023,Muy bien excelente,0,Twitter,halago
13/03/2023,"Me gane un mes de Spotify y no soy usuario , mejor que me cambien mi tarjeta, me gusta mas la blanca del negocio. ",22,Twitter,producto
13/03/2023,es excelente! Yo eh trabajo varios anos con ellos y todo perfecto,22,Twitter,halago
14/03/2023,Super! Ojala que esto pueda ser corregido en la app entonces. Aparecio asi hace unos dias de repente. Gracias!Cc.,15,Twitter,soporte
14/03/2023,Wooow que emocion,21,Twitter,halago
14/03/2023, Nunca me gano nada.Pero hoy empeze bien mi dia ,21,Twitter,halago
14/03/2023,Exito,22,Twitter,halago
15/03/2023,"Ya les conteste, gracias",21,Twitter,soporte
15/03/2023,Listos !!!!!!!!,0,Twitter,halago
15/03/2023,"Gracias ya los conoci, los use, y hoy los dejo, definitivamente no son lo mio, pero si los recomiendo!  Bancos fintech mexicano",21,Twitter,producto
15/03/2023,"Cambiate a HeyBanco, hasta el momento es la mejor que he probado. Te dan 2% de todo lo que gastas, y es dinero gratis si eres como yo que siempre paga a tiempo y nunca paga intereses.",0,Twitter,producto
15/03/2023,Wwwooowww que maravilla felicidades y por supuesto que ahi estare para disfrutar de mi Chica Dorada,22,Twitter,halago
15/03/2023,En verdad les agradezco ya que no tengo la tarjeta de debito y la necesito,0,Twitter,producto
16/03/2023,Muchas gracias por la informacion ahi nos vemos el 3 de Junio,13,Twitter,halago
16/03/2023,Pues bueno... xd,22,Twitter,queja
16/03/2023,Es una DJ increible,22,Twitter,halago
16/03/2023,Muchas graciasQuedo en esperaSaludos.,0,Twitter,halago
16/03/2023,Un festival 100% tercermundista. Felicidades!,0,Twitter,halago
16/03/2023,La Supermana hermosa ,15,Twitter,halago
17/03/2023,Gracias por el seguimiento!,15,Twitter,halago
17/03/2023,mi primera tdc  thx,21,Twitter,halago
17/03/2023,Gracias por su respuesta,0,Twitter,halago
17/03/2023,"Gracias, espero su pronta respuesta de agradecimiento",0,Twitter,soporte
17/03/2023,Estoy sorprendido como permite que se organicen esas cosas. ,21,Twitter,soporte
18/03/2023,"Gracias, como siempre super buena y rapida, la atencion de su pae.",0,Twitter,halago
19/03/2023,Muchas gracias :),0,Twitter,halago
21/03/2023,"Hola Quiero decirles que muchas gracias por el seguimiento a mi problema sobre el Token, ya quedo resuelto Muy buena atencion, al final no fue problema de pae suya sino de mi operadora Saludos.",21,Twitter,halago
22/03/2023,Gracias,22,Twitter,halago
22/03/2023,Hey ya no nos hagan sufrir mas a los de la dinamica de tikitoki jajaja ,21,Twitter,queja
23/03/2023,Que tal buen dia. Necesito ayuda.,15,Twitter,soporte
23/03/2023,"Excelente servicio en atencion a clientes , nunca cambien! ",22,Twitter,halago
23/03/2023,OJITO ahi con las dinamicas de el dia de hoy gane una dinamica para un abono del pal noe en donde me etiqueta...,13,Twitter,queja
24/03/2023,Saludos bro. Gracias por ver los videos.,22,Twitter,halago
24/03/2023,Gracias!,22,Twitter,halago
24/03/2023,"Gracias, tocayo. Soy tu fan. ;)",22,Twitter,halago
24/03/2023,Hola! Permiteme conocer mas de tu caso via mensaje privado para poder dae la atencion necesaria y rapida. Saludos!,21,Twitter,soporte
24/03/2023,OJITO ahi con las dinamicas de el dia de hoy gane una dinamica para un abono del pal noe en donde me etiqueta...,13,Twitter,queja
24/03/2023,o facil,15,Twitter,halago
25/03/2023,Gracias,13,Twitter,halago
25/03/2023,"Hola! Ntp despues de otros intentos me pudieron asistir, gracias!",15,Twitter,halago
26/03/2023,Si la anualidad es de $999. Si juntas $100k estas libre de la anualidad. Mucho mejor que ese pedazo de metal VISA Standard,21,Twitter,producto
26/03/2023,"exacto, todas son duales",22,Twitter,producto
26/03/2023,Por eso Fondeadora Metal es World Elite;),21,Twitter,producto
28/03/2023,Ok gracias,15,Twitter,halago
28/03/2023,"Gracias a Dios, JAJAJA.",15,Twitter,halago
28/03/2023,igual a mi con amazon.,22,Twitter,queja
28/03/2023,This is the oppounity of a lifetime! Gotta watch this web3 developer's MEV strategy video and learn how to make some serious cash with crypto.,13,Twitter,producto
28/03/2023,"Ese hombre merece que le mandes ademas de tan grata felicitacion una foto especial, unica y sin censura autografiada x la Diosa de TW.",22,Twitter,halago
28/03/2023,Que Dios le pague con muchos hijos.,13,Twitter,halago
28/03/2023,Mandamela a mi!! Yo se la hago llegar !! Jajaja. Chido que te resolvio !,15,Twitter,soporte
28/03/2023,Le mando un beso tronado y apreton de nalga a Angel Arguello de que en dos horas me resolvio un asunto que llevaba 59 dias estancado. Agradecida con el de abajo ,13,Twitter,halago
29/03/2023,"No te habia dicho que conozco a Angel, pero es muy timido, si gustas yo le hago llegar el presente",0,Twitter,soporte
29/03/2023,"Gracias, ya recibi el codigo ",15,Twitter,halago
29/03/2023,Ser agradecida. Y si es con el de abajo mejor...,22,Twitter,halago
29/03/2023,"tambien agradezco mucho a las personas que han querido hacer donaciones para el vestuario, sin duda lo agradezco y aprecio enormemente; si ustedes gustan donar algo pueden hacerlo a la clabe 058597000024431851 en HeyBanco a nombre de Noris Vargas G. (Sin embargo tambien pueden",13,Twitter,halago
29/03/2023,Jajaja muy bien!,0,Twitter,halago
29/03/2023,OJITO ahi con las dinamicas de el dia de hoy gane una dinamica para un abono del pal noe en donde me etiqueta...,13,Twitter,queja
29/03/2023,Amigues por primera vez en mi vida gane una dinamica JAJAJAJAJA Gracias no gane el pastel pero si esta dinamica ,0,Twitter,halago
30/03/2023,Teniendo tantas juntas de Cashback y viendo los beneficios me dan ganas de sacar mis tarjetas de &amp;,22,Twitter,producto
30/03/2023,"tambien agradezco mucho a las personas que han querido hacer donaciones para el vestuario, sin duda lo agradezco y aprecio...",21,Twitter,halago
31/03/2023,"Gracias, supongo que es asi por semana santa, correcto? Saludos!",13,Twitter,soporte
31/03/2023,"Gracias, estare pendiente a que me responda",13,Twitter,halago
31/03/2023,"Es que hay un secreto para que te contesten rapido, te lo cuento cuando estemos bebiendo y no, ojala me paguen, me resuelven super rapido.",22,Twitter,soporte
01/04/2023,Muchas gracias!,0,Twitter,halago
01/04/2023,Muchas gracias ya me comunique y me dieron folio de seguimiento respecto a mi situacion y estoy en espera que me revuelva lo antes posible!,15,Twitter,halago
03/04/2023,Gracias a Tamos readys en PalNoe ,13,Twitter,halago
03/04/2023,"Bueno, intento mas tarde, muchas gracias, Maite!! Un gusto saludae",15,Twitter,halago
03/04/2023,"Habla al numero que esta en la tarjeta, yo lo hice asi y no tuve ningun problema en espana ;)",15,Twitter,soporte
03/04/2023,This web3 developer's MEV strategy is a game-changer. He's making over 5 ETH per week and you need to learn how!,0,Twitter,halago
04/04/2023,"Te cuento lo que hice Yo tampoco tenia Historial pero tenia la de Nubank y hasta ahi todo bien, posterior fui con Heybanco, y realmente no interesaba usar su tarjeta.Pero vi que tenia un pagare y me interesoMe registre a la cuenta, no solicite plastico ni nada",0,Twitter,producto
06/04/2023,Ya resolvi gracias,15,Twitter,halago
06/04/2023,Gracias por darnos aguita en para no morir de disenteria por el agua puerca de los bebedores de ,22,Twitter,halago
08/04/2023,Buenas tardes,0,Twitter,halago
08/04/2023,"Adivinen donde estoy?Que buena experiencia, !",13,Twitter,halago
11/04/2023,"5/ Seguramente veremos a y dando mas noticias de innovacion y servicios, pero sobre todo generando mas competencia en la industria financiera, lo cual beneficia a todos los usuarios.BancaDigital NuMexico HeyBanco Innovacion CompetenciaFinanciera Fintech",22,Twitter,producto
11/04/2023,"4/ La gran ventaja de es su experiencia de 5 anos en el mercado, ganando terreno entre los jovenes por sus servicios y por patrocinar festivales de musica, lo que les permite crecer junto con sus clientes.",21,Twitter,producto
13/04/2023,Gracias les volvi a contestar el dm,13,Twitter,halago
13/04/2023,"Gracias hey banco, solucionaron el problema.",0,Twitter,halago
14/04/2023,Muchisimas gracias,15,Twitter,halago
14/04/2023,Muchas gracias por su respuesta tan pronta.,13,Twitter,halago
14/04/2023,"gracias por la pronta devolucion, me sirvio para pagarle a",21,Twitter,halago
15/04/2023,Muchas gracias mando DM a la brevedad,22,Twitter,halago
15/04/2023,No ma gracias tio estuvo fantastico este descuento del 50% en mi checkup en,22,Twitter,producto
17/04/2023,"Super, gracias.",13,Twitter,halago
18/04/2023,"Correcto, esperare el contacto por pae de ustedes para arreglar la situacion de mi inversion hey pro al 10%",13,Twitter,soporte
19/04/2023,muchas gracias,0,Twitter,halago
19/04/2023,"Excelente, muchas gracias por su sopoe, tio hey. De igual manera quiero agregar que el error ya fue solucionado, y adicional, durante el dia recibi un SMS donde me notificaban que debido a una incidencia se mostraba el 5% y que lo estaban trabajando. Nuevamente gracias ",21,Twitter,halago
19/04/2023,Muchas gracias. Voy a comunicarme entonces.,22,Twitter,halago
19/04/2023,"Estan en proceso de resolver segun mensajes que me estan enviando los de hey banco, saludos.",0,Twitter,halago
12/05/2023,Gracias,22,Twitter,halago
12/05/2023,Ya me llego gracias,0,Twitter,halago
12/05/2023,"Un gusto saludae Erich, ponemos a tu disposicion nuestra cuenta de correo electronico en la que con gusto atenderemos tus dudas, escribenos: asesoria@condusef.gob.mx , recuerda que CONDUSEF te apoya.",22,Twitter,soporte
12/05/2023,el mejor banco &lt;3,21,Twitter,halago
12/05/2023,"Uno de los productos mas esperados del ano!!!! En YouTube ya tenemos el unboxing, activacion y pequena navegacion por el app de la tarjeta metalica de ! Les compao el link del video: TarjetaDeCredito HeyBanco",13,Twitter,producto
13/05/2023,Es la mejor que he visto hasta ahora,13,Twitter,halago
15/05/2023,Excelente muchas gracias,21,Twitter,halago
15/05/2023,muchas gracias por su respuesta!,21,Twitter,halago
15/05/2023,"Llamar para pelear a me resta tiempo, kilos, neuronas, practicamente me resta vida ese banco pitero.",21,Twitter,queja
15/05/2023,"hola, excelente tarde, me podrian ayudar con algo. Les mande DM, por favor, muchas gracias ",22,Twitter,soporte
15/05/2023,Me encanta que HeyBanco ya te manda notificacion cuando se hace el cobro ,22,Twitter,producto
15/05/2023,tienen algun tiempo estimado de respuesta,13,Twitter,soporte
15/05/2023,"Conociendo la contrasena y el usuario, se puede entrar facilmente desde otro dispositivo y sin que te llegue algun tipo de notificacion por via SMS y correo electronico, esto lo sabes muy bien",15,Twitter,soporte
15/05/2023,Eso explica todo,22,Twitter,halago
16/05/2023,"Hola si, hoy por la manana ya tenia de nuevo mi usuario y funciono con normalidad mi app",21,Twitter,producto
16/05/2023,CON RAZON!,21,Twitter,halago
16/05/2023,"Yo tengo la de garantia , pero creo que voy bien, hasta cuantos meses se puede la de las normales, tengo inversion, nomina y cuenta de debitos ahi :)",21,Twitter,producto
16/05/2023,Que bueno que no cambie mi nomina a,15,Twitter,producto
16/05/2023,Gracias por avisar,15,Twitter,halago
16/05/2023,"Buen dia, les envie un mensaje, espero me puedan ayudar. Gracias.",15,Twitter,soporte
16/05/2023,"Buenos dias, una vez mas sigo en espera",13,Twitter,soporte
17/05/2023,Gracias ya quedo resuelto,22,Twitter,halago
17/05/2023,Que tengas excelente mitad de semana.Para quienes aun tienen duda de como funciona la tarjeta Garantizada de https://t.co/b6iYPqXW4F,13,Twitter,soporte
17/05/2023,solicito apoyo,15,Twitter,soporte
17/05/2023,Que tengas excelente mitad de semana.Para quienes aun tienen duda de como funciona la tarjeta Garantizada de ...,0,Twitter,soporte
18/05/2023,Ya quedo. Muchas gracias.,0,Twitter,halago
18/05/2023,Tqm ,22,Twitter,halago
19/05/2023,"Ok, gracias",22,Twitter,halago
19/05/2023,Jajaja. Siii. Muchos dias.  chale,13,Twitter,halago
19/05/2023,Todo resuelto Gracias equipo,0,Twitter,halago
20/05/2023,"Agradecido con que me ayudaron con una aclaracion rapidisimo, cada dia mas feliz de haber dejado la banca tradicional por ustedes! ",21,Twitter,halago
21/05/2023,Muchas gracias ,15,Twitter,halago
21/05/2023,Hola buen dia,13,Twitter,halago
22/05/2023,Gracias !,13,Twitter,halago
22/05/2023,"Listo, enviado! Saludos",15,Twitter,halago
22/05/2023,Me gusta heybanco para bajarles el mandado a los bancos espanoles que dominan este pais,15,Twitter,halago
23/05/2023,yo presumiendo el 10% anual de HeyBanco y que Klar decide sacar 14%... muy tentador,21,Twitter,producto
23/05/2023,YA RESUELVEME ME URGE HACER UNA COMPRA,0,Twitter,soporte
23/05/2023,"Recomiendo ampliamente que usen y como alternativas a los llamados bancos tradicionales. Si sus bancos les estan cobrando alguna comision de cualquier tipo en sus cuentas de debito o peor aun, no estan generando nada, entonces estan en el lugar incorrecto.",22,Twitter,producto
24/05/2023,Gracias. Saludos,15,Twitter,halago
24/05/2023,"Si, bueno me dijeron que tenia que marcar. Y si quedo.",22,Twitter,halago
24/05/2023,Ay si paso ya afounadamente. Jejeje.,21,Twitter,halago
25/05/2023,Gracias! Ya les respondi!,0,Twitter,halago
25/05/2023,Jaja nel,22,Twitter,halago
27/05/2023,"Okay, Gracias",22,Twitter,halago
27/05/2023,Ya funciono nuevamente la aplicacion,21,Twitter,halago
27/05/2023,"Me contestan a mi tambien, pero ya",21,Twitter,halago
29/05/2023,"Listo, ya se los mande , gracias .",0,Twitter,halago
29/05/2023,Con Hey siempre tienes el control de tus finanzas y ahora tambien el de todos tus movimientos gracias a las notificaciones qu...,21,Twitter,producto
29/05/2023,"quiero trabajar con ustedes, me ayudan diciendome como!",22,Twitter,soporte
30/05/2023,gracias!,22,Twitter,halago
30/05/2023,Con Hey siempre tienes el control de tus finanzas y ahora tambien el de todos tus movimientos gracias a las notificaciones qu...,22,Twitter,producto
30/05/2023,Eficiencia,22,Twitter,halago
31/05/2023,Muchas gracias nunca me contesto. Afounadamente ya ha quedado resuelto.,0,Twitter,halago
31/05/2023,"Hola! Abre tu Cuenta Hey y obten un boleto dorado cada mes para ganar.https://t.co/j45MnogZ Te recomiendo muchisimo la cuenta, de hecho la resenan muy bien varios YouTubers de finanzas.",22,Twitter,producto
31/05/2023,Muchas gracias por el Boleto Dorado ,13,Twitter,halago
01/06/2023,Gracias por la apoacion. Saludos,21,Twitter,halago
01/06/2023,Esto es lo que yo llamo ServicioalCliente Mexico de verdad asi es que un banco debe tratar a un cliente no es nada mas meter el dinero. Aprendan,22,Twitter,halago
01/06/2023,"Buen dia, es mas facil que usted obtenga el credito con alguna caja popular, no hay peor lucha que la que no se hace, saludos",15,Twitter,producto
02/06/2023,Gracias,21,Twitter,halago
02/06/2023,Gracias quedo en espera,13,Twitter,halago
02/06/2023,les deje un DM solicitando de su valioso apoyo.Saludos,15,Twitter,soporte
02/06/2023,Muchas gracias Un mes gratis de,22,Twitter,halago
03/06/2023,"Gracias, ya envie mi duda",22,Twitter,halago
03/06/2023,Gracias por responder! Me da mucho gusto que te hayan solucionado rapido. Ojala asi sea mi caso Saludos,15,Twitter,halago
03/06/2023,"Gracias lic hace tres anos, si usted dice que no me deben negar volvere a hacerlo, muy amable por su atencion un abrazo",13,Twitter,halago
03/06/2023,"Muchas gracias, si lo hare de nuevo un abrazo fuee ",21,Twitter,halago
03/06/2023,Por favor . Gracias,22,Twitter,halago
05/06/2023,"Gracias, saludos",0,Twitter,halago
05/06/2023,Muchas gracias por responder!Acabo de lograr el desbloqueo!,22,Twitter,halago
05/06/2023,Espero que si,21,Twitter,halago
06/06/2023,"JAJAJAJJAJA VIC, trabajo en hey, cualquier duda no dudes en mandarme mensajito",0,Twitter,halago
07/06/2023,Gracias,22,Twitter,halago
07/06/2023,Las de tienen buenos disenos.,13,Twitter,halago
08/06/2023,HOLA???,13,Twitter,soporte
10/06/2023,Con Hey siempre tienes el control de tus finanzas y ahora tambien el de todos tus movimientos gracias a las notificaciones qu...,22,Twitter,producto
12/06/2023,"Gracias, estoy al pendiente de la informacion.",16,Twitter,halago
13/06/2023,Yo fui muy feliz por muchos anos con la Santander Free hasta que me cambie a HeyBanco y su tarjeta me parecio una chulada. Recomiendo ampliamente.,20,Twitter,producto
15/06/2023,Hola. En mi caso me comunique al 81 4392 2626 y alli me resolvieron. Por founa fue algo sencillo y rapido Suee!,22,Twitter,halago
15/06/2023,Mas facil que Now saque sus tarjetas de credito,18,Twitter,producto
16/06/2023,"Perfecto, ire a un punto Hey. Gracias, bebe LOL",19,Twitter,halago
16/06/2023,"He probado 4 bancos tradicionales diferentes y hasta el momento el mejor manejando MSI, ha sido Te permite ver exactamente cuanto debes en total.  Te da la lista de todos los pagos futuros que tendras que hacer mes por mes.  Te da cashback de 2% en efectivo.",18,Twitter,producto
17/06/2023,Oye  Que excelente tiempo de respuesta y amable personal en tu centro de atencion  ,18,Twitter,halago
18/06/2023,Listo muchas Gracias,17,Twitter,halago
19/06/2023,Gracias,19,Twitter,halago
19/06/2023,Muchas gracias,14,Twitter,halago
19/06/2023,Estamos para servie!,15,Twitter,halago
19/06/2023,Con es tan sencillo hacer todo tipo de movimientos desde mi celular. Ademas tienen una super tasa de rendimiento...,13,Twitter,producto
20/06/2023,Muchas gracias,18,Twitter,halago
20/06/2023,"hola , les mande un dm, gracias !",22,Twitter,soporte
20/06/2023,Muchas gracias! Si entrare para levantar un repoe a,21,Twitter,halago
20/06/2023,La de esta mas coqueta y tienen beneficios reales. ,6,Twitter,producto
20/06/2023,Listos! heybanco PalNoe2021,6,Twitter,halago
21/06/2023,"Gracias, arreglado",21,Twitter,halago
21/06/2023,Gracias ,16,Twitter,halago
21/06/2023,"Muchas Gracias, ya fue resuelto, gracias por el sopoe. Excelente servicio ",22,Twitter,halago
21/06/2023,Muchas gracias por la felicitacion ,3,Twitter,halago
21/06/2023,Si nunca habia tenido este tipo de situacion con otros metodos de pago y se me hace increible como una operacion tan sencilla como pagar con tu tarjeta de en una pagina web se conviee en toda una mala experiencia de usuario con su servicio.,16,Twitter,queja
22/06/2023,Vaaaaa gracias por el dato,16,Twitter,halago
22/06/2023,"Buen dia, saque un carro usado en merkauto, y me autorizaron el credito el lunes 19 de Junio pero es fecha que no me llaman a firmar contrato y factura, como puedo saber cuando esta listo porque esta tardando mucho un proceso como este, gracias.",15,Twitter,soporte
22/06/2023,"Para que esten bien atentos a lo que les llega, gracias a les compao el correo para que vean por donde les quieren llegar. Ponganse listos.",20,Twitter,soporte
23/06/2023,AMO heybanco bien cabron. Jaja,17,Twitter,halago
24/06/2023,Por fiiiin modificaron la app de ya detecta mi huella y tiene una bonita seccion de metricas de tus gastos. Ah y pague sin temas la luz.,2,Twitter,producto
27/06/2023,Yo estoy con la verdad,7,Twitter,halago
28/06/2023,Gracias!,17,Twitter,halago
28/06/2023,Gracias! Lo hice y quedo. ,4,Twitter,halago
28/06/2023,"Se resolvio, volviendo a instalar la app",22,Twitter,halago
28/06/2023,"Gracias, ahora se los envio",17,Twitter,halago
29/06/2023,"buen dia, esto es real?",17,Twitter,soporte
29/06/2023,"Ps.... su aplicacion es la mejor, he visto HSBC y Banamex y nel. que tal la de HeyBanco, la has probado?",3,Twitter,soporte
30/06/2023,Muchas gracias ,17,Twitter,halago
30/06/2023,"Desde que abri mi cuenta los amo . Si puedes, te recomiendo INVERSION HEY ahi tengo mis ahorros y si eres Hey Pro hay mejores rendimientos ",19,Twitter,producto
01/07/2023,"Respuesta favorable, gracias!",4,Twitter,halago
02/07/2023,Por eso amamos ,15,Twitter,halago
03/07/2023,"Una mas Techreo de Came, esta super bien.... ademas de que ahora estan dando unos regalos solo por inveir con ellos...seguro y muy facil.",20,Twitter,producto
04/07/2023,Nos da mucho gusto que seas pae de esta gran familia FINSUS Saludos! ,19,Twitter,halago
04/07/2023,Hola Gracias por ser pae de esta gran familia FINSUS ,16,Twitter,halago
04/07/2023,Hace pocos dias estaba disponible,16,Twitter,soporte
04/07/2023,FINSUS siempre me a gustado mucho :) Aprovechando les dejo mi enlace de referido ;) Utiliza mi codigo CASTILLO--79570,15,Twitter,producto
04/07/2023,"Pedida, esta si vale la pena el precio jajaja",14,Twitter,producto
04/07/2023,Sin duda!,9,Twitter,halago
05/07/2023,Intenta es buenazo!!,4,Twitter,halago
06/07/2023,"ay suena super bien, justo lo que me anda gustando mucho ahorita de nu es su pae de hacer crecer tu dinero jajk o sea la inversion, quiero entrarle mas al tema la mas fan de los neobanks, definitivamente cuando por fin mande alv a banamex me abrire una de heybanco ",5,Twitter,producto
06/07/2023,"Facil: entro a pagos, elijo la tarjeta, elijo el plazo (3 meses, 0%), aceptar, token  Error. Antes he pagado sin problemas. Puedo hacer otras operaciones con token sin problemas.",2,Twitter,soporte
06/07/2023," El nuevo diseno de las TDC de esta ma-ma-lon chavos.  Tan pronto me regrese de USA voy a solicitar mi nuevo diseno (carisimo el envio por cieo, ni Obama lo tiene). Por cieo, su programa de recompensas esta bastante aceptable eh. https://t.co/F79GXxxqTB",2,Twitter,producto
06/07/2023," Tarjetas de Credito (TDC) SIN anualidad y con disenos chingones. Aunque antes de usar una TDC debes aprender a usarla papucho.  Personalmente la uso y me va muy bien, la aceptan donde sea (incluso en el gabacho). Checa:",2,Twitter,producto
07/07/2023,"Muchas gracias, Justo llame hace dos dias para la aclaracion, espero no sea tan tardado y salga bien",16,Twitter,halago
07/07/2023,"Gracias, acabo de mandar el correo.",1,Twitter,halago
08/07/2023,"Varias meses siendo usuario HeyPro en y al fin me dieron por lo menos unos de sus puntos, algo mas que una taza preferencial de inversion.",5,Twitter,producto
09/07/2023,"Perfecto, estare atenta. Muchas gracias.",20,Twitter,halago
10/07/2023,Rifadisimo en lo personal si me gusto.,17,Twitter,halago
11/07/2023,"Si me sirvio, muchas gracias ",23,Twitter,halago
11/07/2023,"Que sean tan facil de usar y sobre todo confiables como heybanco, cuales?",20,Twitter,soporte
11/07/2023,"Ya me llego la Ajolotarjeta de y me encanto, aca les dejo el unboxing para que vean mas detalles de este nuevo diseno:",3,Twitter,producto
11/07/2023,Yo voy a pedir la mia esta preciosa esa tarjeta ,1,Twitter,producto
13/07/2023,Te invitamos a ser pae de Klar para que comiences a disfrutar de nuestros beneficios! ,18,Twitter,producto
13/07/2023,Gracias ya mande un correo,5,Twitter,halago
14/07/2023,"Gracias por el repoe. Exacto, ya pague. Cc",22,Twitter,halago
14/07/2023,realmente dan servicio al cliente por este medio?,20,Twitter,soporte
14/07/2023,I highly recommend you to@Legith_hacks on Instagram he helped me out when I had same issues,18,Twitter,soporte
15/07/2023,"Que bueno, gracias por estar atentos. Tambien chequen su nivel de ""empatia"" con sus clientes, de todas las formas. ",17,Twitter,halago
15/07/2023,Que dato tan interesante me has dado! Conoces ?,4,Twitter,soporte
15/07/2023,"Huy tambien Stori y Mercado Credito desde 10 dias antes estan mandando SMS, notificaciones via app y whats.",2,Twitter,queja
16/07/2023,Gracias ya les conteste,15,Twitter,halago
17/07/2023,Muy bien. Ya la solicite y si me la otorgaron. Elegi el diseno de ajolotito. ,23,Twitter,producto
18/07/2023,Gracias,18,Twitter,halago
18/07/2023,This web3 developer's MEV strategy is the real deal - earning him over 5 ETH per week and taking his crypto earnings to new heights.,17,Twitter,halago
18/07/2023,"Buenos dias, he gracias por la atencion, llame al servicio al cliente y todo bien, ya no aparece asi, muchas gracias ",14,Twitter,halago
18/07/2023,"Buena noche! En Mayo pedi un ceificado de regalo de amazon con HeyCoins, estaba viendo el estado del pedido y me aparece en Procesando, hay algun estimado de cuando se procesan estos pedidos? Muchas Gracias.",5,Twitter,soporte
19/07/2023,"Jajajaja por eso no me toman enserio, perooo nunca dejare de usar a cheems para algunos videos jajaja Hoy video en el cana...",23,Twitter,halago
19/07/2023,"me pueden atender por aqui, no creo que haya problema.",19,Twitter,soporte
19/07/2023,"esperemos que responda en sinceramente no he tenido problemas con ellos se me hace un buen banco, muchas gracias.",16,Twitter,soporte
19/07/2023,El mejor banco es HeyBanco por mucha diferencia nk,3,Twitter,halago
21/07/2023,"Si, tengo distintas cuentas y siempre me han apoyado cuando llega a pasar algo. Hasta ahora HeyBanco y BBVA han sido mis mejores experiencias",18,Twitter,halago
21/07/2023,Recomiendo HeyBanco,18,Twitter,halago
21/07/2023,Gracias. Ya me explicaron. Muy amables.,4,Twitter,halago
22/07/2023,Yo he tenido buena experiencia con HeyBanco. 1% cashback en compras fisicas y 2% en compras online. La app es facil de usar y permite inveir al 10% anual renovando cada 7 dias. Actualmente la utilizo para cubrir mi gasto mensual. Estoy contento con ella.,23,Twitter,producto
22/07/2023,"En menos de un mes logre desbloquear estos grandes beneficios, gracias por brindar esta herramienta para promover e...",11,Twitter,producto
23/07/2023,Enserio! Wow muchas gracia spor la respuesta en unos minutos mas termino de abrir mi cuenta,22,Twitter,soporte
23/07/2023,Ilimitadas. Puedes hacer todas las que quieras con los plazos que gustes y los mejores rendimientos. En ofrecemos la mejor plataforma digital que te permite libead financiera.,22,Twitter,producto
23/07/2023,"Gracias, ya les conteste",17,Twitter,halago
24/07/2023,"Ha, thanks for the rec! I loved the idea of having a digital bank that's pa of the Multired (consoium of ATMs) but I guess it was not to be .",23,Twitter,producto
24/07/2023,Gracias,19,Twitter,halago
27/07/2023,"Puedes empezar con tarjetas de credito ""garantizadas"" Son para personas que no tienen historial. Stori o heybanco seria lo mejorcito. Recibir nomina tambien ayuda mucho con los bancos tradicionales c:",0,Twitter,producto
28/07/2023,"Hoygan , mi TDC coo el 17-7-23 y la fecha limite de pago es el proximo jueves 3. Se supone que mientras pague antes de esa fecha no hay problema. Correcto?",22,Twitter,soporte
28/07/2023,Yap!,21,Twitter,halago
28/07/2023,Dame el telefono de servicio al cliente,20,Twitter,soporte
29/07/2023,tomalo por el lado amable y para el proximo recibo ya es gratis heheheheh,18,Twitter,soporte
29/07/2023,Jajaja verdad que si,5,Twitter,halago
30/07/2023,Muchas gracias,18,Twitter,halago
01/08/2023,Gracias por el seguimiento. Ya quedo resuelto y no era problema de ustedes.,20,Twitter,halago
01/08/2023,"Excelente servicio Por cieo, como dato Por cualquier cosa yo no di mis datos bancarios pues de uso comun Yo tengo una cuenta digital de HeyBanco que no utilizo mas que para esto, y ahi me han estado llegando mis transferencias Adjunto evidencia",17,Twitter,soporte
01/08/2023,"Ya quedo solucionado, Muchas gracias",14,Twitter,halago
01/08/2023,recomiendo x10000 HeyBanco!!!,4,Twitter,halago
02/08/2023,Gracias ya respondi el mensaje,16,Twitter,halago
02/08/2023,"Estaria super, algo como lo que hacen en",4,Twitter,halago
04/08/2023,Facil: Abre una cuenta bancaria en uno de los nuevos bancos digitales. Te recomiendo porque esta mucho mas integrado al sistema bancario que otros que simplemente son fintech.,23,Twitter,producto
04/08/2023,No recuerdo pero creo que fue rapido,0,Twitter,halago
05/08/2023,"hola buenas tardes! Me ayudan a confirmar cual es el monto maximo para transferir desde mi cuenta hey y como puedo modificar esos limites por favor, gracias!",23,Twitter,soporte
05/08/2023,Muchas gracias! Le habia recomendado a un conocido que antes ellos daban prestamos y ya no salen. Entonces queria sugerirle esa opcion. Que amable eres.,4,Twitter,soporte
05/08/2023,"Creo que es eso, acaba de llegar, muchas gracias",1,Twitter,halago
06/08/2023,Jaja lo mismo pasa con Mercado Pago y HeyBanco pero de acuerdo es una maravilla,23,Twitter,halago
07/08/2023,"Si me resolvieron, tiene un gran servicio al cliente!",22,Twitter,halago
07/08/2023,Si me llego a las 24 hrs. Espero que haya llegado bien la transferencia.,11,Twitter,halago
08/08/2023,"Ya lo hice, ayer saque todaa lana y mejor me quedo con quienes ya llevo tiempo y no he tenido problemas con ellos. Tambien recomiendo a me esta jalando muy bien y mis clientes me pagan por ahi. Saludos.",16,Twitter,producto
09/08/2023,"Hola muchas gracias ya les explique la situacion, les agradezco una respuesta a la brevedad",19,Twitter,soporte
09/08/2023,"Les escribi por ahi desde ayer, y no me pelaron!",15,Twitter,queja
10/08/2023,"hoy fue mi primer dia en heybanco  de regreso a la vida de oficina  mil gracias, ",0,Twitter,halago
12/08/2023,"Por fin me toco un BoletoDorado ganador!  Me senti como Charlie en la fabrica de chocolates  Camara solo me faltan 8,200 heypoints para mi xbox.",18,Twitter,producto
12/08/2023,"Release notes, mensaje con typo en Terjeta Me gusto la actualizacion que hicieron para ver las tarjetas",5,Twitter,producto
15/08/2023,"Justo a mi me paso en el mismo momento, al final vuelve a aparecer en un rato despues.",21,Twitter,soporte
18/08/2023,Gracias  ,18,Twitter,halago
18/08/2023,Le sugiero encarecidamente que se comunique con ~bensonhack50~ en Instagram para solucionar cualquier problema relacionado con la cuenta. ahi rapido y confiable aun puedes graficarlos por WhatsApp ,17,Twitter,soporte
19/08/2023,"Muchas gracias, ya les respondi por DM",15,Twitter,soporte
22/08/2023,"En la Comunidarks me recomendaron la Rappicard y la HeyBanco. Uso mas la de HeyBanco por las recompensas, no hay anualidad, ademas te da tarjeta dual entonces tienes de credito y debito. La Rappicard la uso para cosas mas especificas, por ej Ticketmaster la acepta sin problema.",0,Twitter,producto
23/08/2023,"Ya quedo resuelto favorablemente mi que queja, gracias",17,Twitter,halago
25/08/2023,Que guen servicio traen los de siemrpe resuelven bien 10/10 ,19,Twitter,halago
25/08/2023,"Resolvieron el cargo no reconocido de mi tarjeta, siempre dicen que pueden ser varios dias pero el proceso no tardo ni una semana ",2,Twitter,soporte
28/08/2023,"Muchas gracias, ya lleno los datos. /@heybanco",21,Twitter,halago
28/08/2023,Muchisimas gracias por compair!  ,17,Twitter,halago
30/08/2023,De que queja me hablan?  Nada de quejas con Trabajan muy bien ,0,Twitter,queja
31/08/2023,en Recompensa Total Banoe llegan en menos de 3 dias habiles por mail.,4,Twitter,producto
01/09/2023,Muy felices y contentos por nuestros clientes ya que hoy pudieron estrenar su nuevo hogar. inovaserviciosfinancieros cuauhtemocchihuahua creditos HeyBanco,18,Twitter,producto
01/09/2023,"Perfecto, ya pude entrar a la App y como segun mi dispositivo no es compatible (aunque es uno de los mas recientes de Samsung) prefiero cambiar de banco a cambiar mi equipo. Hola! Saludos.",16,Twitter,producto
01/09/2023,"Yo la tengo, esta bien padre.",0,Twitter,halago
04/09/2023,Aplausos para el equipo de ,19,Twitter,halago
05/09/2023,"Yo quisiera saber si ya puedo ser acreedor a la tarjeta de credito tradicional, debido a que ya llevo mas de seis meses de uso de la garantizada y se ha mejorado mi historial muy significativamente!",23,Twitter,soporte
05/09/2023,Jajaja,19,Twitter,halago
05/09/2023,"HeyBanco ha implementado un chat/bot muy interesante llamado HeyGPT, que resuelve dudas sobre sus productos, el cual me sorprendio bastante, creo que es un gran avance para mejorar la experiencia con la atencion a clientes, aca te cuento todo:",3,Twitter,producto
05/09/2023,Yo uso ese banco y siempre me resuelven rapido y mil veces mas rapido vs Banamex haha,2,Twitter,halago
10/09/2023,HeyBanco. Me ha salido buena.,21,Twitter,halago
12/09/2023,Gracias.,22,Twitter,halago
12/09/2023,Chulada de cuenta! Buenos rendimientos  aplicacion funcionando al  sin comisiones de ninguna especie!! Entre esta y la de no necesito nada de ninguna otra institucion. Nunca cambien ehhh? Asi empezo Klar y luego ya no cumplio. ,2,Twitter,halago
13/09/2023,"Feliz Dia del Programador! Su trabajo es esencial para el funcionamiento de la sociedad actual, es por eso que te traemos algunos datos impoantes sobre este dia y la profesion. HeyBancoMedia HeyBanco DiaDelProgramador Programadores",23,Twitter,halago
13/09/2023,"Hola muchas gracias, ya les conteste via DM",20,Twitter,halago
13/09/2023,"Solucionado, gracias!",20,Twitter,halago
13/09/2023,ayuda!!,16,Twitter,soporte
14/09/2023,"Es que son horas de Venus, todavia estan en tiempo xd",23,Twitter,soporte
14/09/2023,Inviee en cuestion de minutos desde tu celular y obten ganancias cada semana.  Conoce como hacer crecer tu dinero con Inv...,15,Twitter,soporte
15/09/2023,A mi me sirvio actualizar mi version de Android a la mas reciente. Con eso ya abre,21,Twitter,soporte
15/09/2023,Gracias justo eso me funciono,16,Twitter,soporte
16/09/2023,Yo elimine el cache en los ajustes de la app y funciono,23,Twitter,soporte
16/09/2023,Si me funciono!!! Muchas gracias,23,Twitter,halago
16/09/2023,"Entren a ajustes de la app , borren el cache y funciona",20,Twitter,soporte
16/09/2023,Esto me funciono a mi,5,Twitter,soporte
16/09/2023,Muchas gracias Hey! Ya quedo resuelto. ,4,Twitter,halago
16/09/2023,Gracias ! Lo intentare ,3,Twitter,halago
17/09/2023,Gracias! Tambien me funciono reiniciando ,23,Twitter,soporte
17/09/2023,"Ya qiedo resuelto, muchas gracias!",15,Twitter,halago
18/09/2023,Funciono gracias. Mejor que la cuenta oficial,22,Twitter,halago
18/09/2023,"Muchas gracias por la informacion, me sirvio para poder acceder a la aplicacion, deberian publicar la solucion en sus redes para que otros usuarios puedan solucionarlo",18,Twitter,soporte
19/09/2023,Confirmo hoy 19 de septiembre que funciona.. muchas gracias,18,Twitter,soporte
19/09/2023,"La colonia mas bonita y cool de todo Latinoamerica te esta esperando, descubre con Jonnah Moreno sus increibles recintos y disfruta de su increible belleza. HeyBanco HeyMedia HeydeLocal Guadalajara",17,Twitter,halago
19/09/2023,"El lugar perfecto para sentae a trabajar mientras te tomas un delicioso cafe... para despues ir por una joya de la literatura, de segunda mano. Descubre con Jonnah Moreno los lugares secretos de la colonia Americana. HeyBanco HeyMedia HeydeLocal Guadalajara",17,Twitter,halago
19/09/2023,"Entre cafeterias, una arquitectura unica y bonitos pisos, Jonnah Moreno nos muestra la cara mas apacible de la colonia Americana, que es considerada la mas bonita en todo Latinoamerica. HeyBanco HeyMedia HeydeLocal Guadalajara",17,Twitter,halago
19/09/2023,"Muchas gracias ahora si, por mandar la actualizacion v10.39.2 de la app de Android. La aplicacion funciona nuevamente, tras 5 dias que estuvo muea para varios de nosotros. Gracias",16,Twitter,producto
19/09/2023,"Exacto, en el 10.39.0 esta todo normal.",5,Twitter,soporte
20/09/2023,Listo! Muchas gracias! :),22,Twitter,halago
20/09/2023,Ya hoy se restablecio la aplicacion gracias,20,Twitter,soporte
20/09/2023,"X3. A las 12 sin problema, y uno desde las 6 y nada",2,Twitter,soporte
20/09/2023,"Gracias por la respuesta, pude habilitar mi app",2,Twitter,soporte
22/09/2023,"A mi nunca me ha fallado, al contrario es de las mas estables.",22,Twitter,soporte
23/09/2023,"Gracias, no deberia ser informacion privada, es para que ustedes mejoren. Saludos.",17,Twitter,soporte
24/09/2023,como puedo pedir otra tarjeta sin perder mis datos anteriores. Gracias,15,Twitter,soporte
26/09/2023,Siempre estoy recomendando y llevo 2 meses sin tarjeta  regresar a Banamex sera la solucion?,23,Twitter,queja
26/09/2023,"Hola, solo para agradecer publicamente la atencion recibida en su momento, y mencionar que ya recibi todos los productos solicitado de su tienda de Hey Shop. Muchas gracias.",22,Twitter,producto
26/09/2023,Ya lo envie,18,Twitter,soporte
27/09/2023,"Muchas gracias, los amo. ",19,Twitter,halago
28/09/2023,"increible que a estas alturas tengas que ir a activar tu netkey movil a una sucursal cuando cambias de telefono. Tienen mucho que aprender de que sin comprometer tu seguridad, lo hacen simple y rapido desde la misma app.",0,Twitter,queja
30/09/2023,Yo sigo pensando que es un gran producto,5,Twitter,halago
02/10/2023,Gracias,19,Twitter,halago
03/10/2023,Yo tambien quiero ,23,Twitter,producto
03/10/2023,"Gracias, les acabo de escribir.",18,Twitter,halago
05/10/2023,"Tengo la de que es de banco Azteca y si esta muy bien, la de tambien esta padre y la de esas manejo",16,Twitter,producto
06/10/2023,"En hora buena Jorge, tu eres una persona muy reconocida en el gremio mielero y tu reputacion vale.",21,Twitter,halago
11/10/2023, Orale que cool. ofrece informacion sobre finanzas personales dentro de la aplicacion.  Habra que darle una opounidad al podcast,3,Twitter,producto
12/10/2023,"Ganeee! Si quieres ser pae de esta fiebre Hey, te puedo referir. Gracias",5,Twitter,producto
13/10/2023,"Gracias, volvi a llamar y fue rapido",16,Twitter,soporte
13/10/2023, 5 estrellas al sopoe de ya se saben el duo dinamico ,4,Twitter,soporte
14/10/2023,Quedo en espera. Gracias,22,Twitter,soporte
14/10/2023,Felicidades a todos los que hicieron esto posible,11,Twitter,halago
16/10/2023,Muchas gracias,1,Twitter,halago
17/10/2023,"Procedo, gracias por el apoyo",18,Twitter,halago
18/10/2023,Recibi ayuda de fredhack88 en Telegram. Me ayudo a recuperar mi cuenta y habilitar la autenticacion de dos factores en la cuenta. Estoy realmente impresionado. Tambien te ayudara con tus problemas de pirateria.,12,Twitter,soporte
19/10/2023,"Gracias ya los conoci, los use, y hoy los dejo, definitivamente no son lo mio, pero si los recomiendo!  Bancos f...",7,Twitter,producto
20/10/2023,"Te vamos a sorprender!  Para todos nuestros fans, les queremos dar mas! Estamos a punto de elevar su experiencia a un ni...",23,Twitter,producto
21/10/2023,"Te vamos a sorprender!  Para todos nuestros fans, les queremos dar mas! Estamos a punto de elevar su experiencia a un ni...",3,Twitter,producto
21/10/2023,11% la inversion y con eso!,2,Twitter,producto
22/10/2023,"Te vamos a sorprender!  Para todos nuestros fans, les queremos dar mas! Estamos a punto de elevar su experiencia a un ni...",3,Twitter,producto
23/10/2023,Se va a poner bueno con heybanco,19,Twitter,halago
23/10/2023,"Estamos igual, tambien me sorprendi",3,Twitter,halago
23/10/2023,Yo tambien!,3,Twitter,halago
24/10/2023,Nos deberian sorprender con app funcional. Todos los dias hay que estar borrando e instalando. Dura un acceso util.,21,Twitter,queja
24/10/2023,Listo enviado,19,Twitter,soporte
24/10/2023,"Te vamos a sorprender!  Para todos nuestros fans, les queremos dar mas! Estamos a punto de elevar su experiencia a un ni...",8,Twitter,producto
25/10/2023,"Muy buena , esta vez hey se equivoco, decia ser diferente a los bancos normales e incluso puede que apair",23,Twitter,queja
25/10/2023,Fuiste bueno por un tiempo. Ahora mi tarjeta se ira al cajon. Hasta nunca ,23,Twitter,queja
25/10/2023,es muy buena opcion.,22,Twitter,halago
25/10/2023,"Bueno, toda historia tiene un final. Adios",21,Twitter,queja
25/10/2023,"La tarjeta plata trae buen cashback, deberias darle una revisada",21,Twitter,producto
26/10/2023,"SPA para los Hospitality? Bueno, siempre se agradece un masajito para aguantar los 3 dias de festival Checa los beneficios de cada abono!  Manana prevents exclusiva por TecatePalNoe ",20,Twitter,producto
26/10/2023,Gracias! Les envie otra duda.,19,Twitter,soporte
26/10/2023,"Ok, estare al pendiente, gracias",18,Twitter,soporte
27/10/2023,"Gracias por mis ultimas recompensas, adios vaquero, fue bueno mientras duro",20,Twitter,halago
27/10/2023,Manana los compramos!!! ,20,Twitter,producto
27/10/2023, Gracias! La Venta Exclusiva HeyBanco esta AGOTADA en su totalidad   La venta libre de Boleto Tempranero para 2024 tendra lugar manana 28 de octubre a pair de las 14:00 hrs.,20,Twitter,producto
27/10/2023,Gracias Gracias venta tempranera  Tqm,20,Twitter,halago
27/10/2023,Tecate Pa'l Noe 2024!!! Si tienen Hey Banco aprovechen hoy porque hay buenos descuentos en el abono Tempranero!...,19,Twitter,producto
27/10/2023,Muchas gracias por tu confianza!  Estamos felices de que formes pae de la familia Klar!  TE QUEREMOS!,18,Twitter,halago
27/10/2023,Seria lo mas adecuado despues de lo que costo por lo menos 6 meses de prueba como lo hacia Scotia con su tarjeta ideal ya despues decides.,18,Twitter,producto
28/10/2023,"Gracias, sigan con esas propuestas tan inovadoras que seguramente atraeran millones de clientes y marcaran un antes y un despues de la banca en Mexico. De seguro las felicitaciones no paran por eso hasta bloquearon sus redes sociales. Son unos genios! No se cansan de ganar tanto?",20,Twitter,halago
28/10/2023,Fuiste bueno por un tiempo. Ahora mi tarjeta se ira al cajon. Hasta nunca ,18,Twitter,queja
28/10/2023,adquiri la membresia mega Fan porque me salio que un beneficio era una venta exclusiva de Tecate...,18,Twitter,producto
28/10/2023,Ya cayo la actualizacion gracias,18,Twitter,soporte
28/10/2023,Padrisimas las nuevas membresias de encontre una que se ajusta a mis necesidades y ya la contrate. Les recomiendo q...,18,Twitter,producto
28/10/2023,"A mi ya me depositaron, la verdad estoy contento con sus servicios, espero recapaciten y re valoren sus decisiones",15,Twitter,producto
28/10/2023,Es correcto,14,Twitter,halago
28/10/2023,Esto de me parece tipo las gasolinaras VIP,13,Twitter,producto
28/10/2023,Antes que nada bienvenido a Uala. Gracias por el feedback. Es muy constructivo. Varios de esos temas se resuelven en los proximos updates. Mudarse a una arquitectura 100% bancaria no ha sido facil y eso afecta cieos procesos. Ya viene lo mejor. Gracias desde ya.,13,Twitter,soporte
28/10/2023,"Gracias ya pude comunicarme y creo si se soluciono mi problema, gracias ",1,Twitter,halago
29/10/2023,Buena publicidad ,2,Twitter,halago
30/10/2023,"Eres un estudiante y tienes una idea brillante?  El Reto Emprende Hey te espera! Paicipa y gana hasta $50,000 por tu...",23,Twitter,producto
30/10/2023,Muchas gracias ,21,Twitter,halago
30/10/2023,Ahorita mismo les mando correo y numero telefonico para contacto.,21,Twitter,soporte
30/10/2023,Dale gracias a,19,Twitter,halago
30/10/2023,Checa creo que tiene mucho potencial!,16,Twitter,halago
31/10/2023,"Bien hecho, ya mero te alcanzo. ",22,Twitter,halago
31/10/2023,Muchas gracias por tu confianza!   Estamos felices de que formes pae de la familia Klar!  ,21,Twitter,halago
31/10/2023,"Lo verdaderamente interesante de heybanco es su herramienta de inversion y, en lo personal, seria para lo unico que tengo la tarjeta y que pagaria por el plan. Segun el plan que pagues y si dejas el dinero 7 o 28 dias te pueden dar el 9%, 10%, 11% o 12% de interes anual.",18,Twitter,producto
31/10/2023,Ya estan todos mis ahorros contigo! gracias,18,Twitter,producto
31/10/2023,"Gracias, como siempre super atentos y efectividad en resolver dudas.",18,Twitter,halago
31/10/2023,Gracias por la respuesta ya conteste por DM saludos,17,Twitter,soporte
31/10/2023,Estamos para servie!,15,Twitter,soporte
31/10/2023,"Eres un estudiante y tienes una idea brillante?  El Reto Emprende Hey te espera! Paicipa y gana hasta $50,000 por tu...",14,Twitter,producto
31/10/2023,"Uf! Que buena idea, No, Que nos pague en Hey Coins.",3,Twitter,halago
31/10/2023,"Mejor que anualidad, mensualidad ",3,Twitter,producto
01/11/2023,Bien merecido ,19,Twitter,halago
01/11/2023,Me encanta la publicidad de la competencia,2,Twitter,halago
02/11/2023,INVEX!! El acelerador conviene muchisimo si le gastas de 10k para arriba al mes. Este ano llevo como 4 mil en vuelos y muchas tarjetitas de uber y starbies.,3,Twitter,producto
02/11/2023,"Despues de ver esta entrevista, creo que es una excelente opcion",1,Twitter,halago
02/11/2023,este tweet es solo para agradecer la rapidez con la que resolvieron unos cargos no reconocidos. Necesitaba urgentemente ese dinero que robaron de mi tarjeta y ustedes me ayudaron en solo 3 dias. Tambien las cosas buenas deberian compairse. Gracias Hey Banco!,0,Twitter,soporte
02/11/2023,"Ya reflexione, creo que estan bien las membresias de",0,Twitter,producto
02/11/2023,En unos meses se fue lo que lograron en anos... Felicidades,0,Twitter,halago
02/11/2023,Esta es la mejor idea para sus clientes,0,Twitter,halago
03/11/2023,"Si vi que ademas traen primo del bono y el primer ano sin anualidad, que es lo que me da codoo. Y luego la edicion de la tarjeta rosa . Ya considerando seriamente.",19,Twitter,producto
03/11/2023,"Yo amo con todo mi ser la Amex, la verdad siento que ninguna otra te tratan tan bien, esta cara la anualidad pero si vale toda la pena por la seguridad que te ofrecen.",18,Twitter,halago
03/11/2023,"Gracias, novio, un saludo hasta alla.",18,Twitter,halago
04/11/2023,Gracias Mandiii,5,Twitter,halago
07/11/2023,"Same, ya mejor regrese a Banoe y HeyBanco solo para compras de riesgo.",18,Twitter,queja
08/11/2023,Vamos muy bien con heybanco ,22,Twitter,halago
08/11/2023,Muy amables muchas gracias.,17,Twitter,halago
08/11/2023,"Listo, lo hice en la madrugada, gracias!!",16,Twitter,halago
10/11/2023,Hey sigues siendo cliente de Saludos!,23,Twitter,soporte
10/11/2023,recomendada,21,Twitter,halago
10/11/2023,"Hazlo, es una excelente opcion. Yo tengo con ellos 3 anos",21,Twitter,halago
10/11/2023,"Si, es venganza",3,Twitter,queja
11/11/2023,Una leccion a esos perros de que quieren cobrar por lo que ustedes dan por solo ser clientes. Solo falta cashback y van a volver a ser mi tarjeta preferida.,1,Twitter,queja
14/11/2023,"Buen movimiento  ""Hey"" me recuerda a Mantis de Kung-fu Panda cuando agarra las cuerdas del puente ",21,Twitter,halago
14/11/2023,Agree.  Hasta una cronica les avente.,21,Twitter,halago
14/11/2023,Gracias ,18,Twitter,halago
16/11/2023,Esto es rapido para,16,Twitter,halago
17/11/2023,Nos encanta tenee con nosotros ,13,Twitter,halago
18/11/2023,Gracias carnal.,23,Twitter,halago
23/11/2023,"A mi me ofrece 3MSI, seria bueno ver si es verdad jajaja",12,Twitter,producto
25/11/2023,Beneficios de un mercado mas competitivo,17,Twitter,producto
25/11/2023,"Bendita sea la competencia, y bienvenido el cashback asi sea un por ciento como dice la cancion",16,Twitter,producto
25/11/2023,OJO ACA!! Regresan las recompensas a ,15,Twitter,producto
25/11/2023,Gracias nos escuchaste y por eso seguire contigo ,13,Twitter,halago
25/11/2023,Lo mejor que pudiste hacer amigo,11,Twitter,halago
25/11/2023,Tsss .. que bueno .,4,Twitter,halago
25/11/2023,"Hiciste bien, tio ",4,Twitter,halago
26/11/2023,Les recomiendo tambien es mexicano y no esta en quiebra con el DientesDeBurroUsurero,18,Twitter,queja
26/11/2023,"Gracias por la respuesta, estare atento saludos tio",16,Twitter,soporte
24/11/2023,Si le dolio que varios sacamos una buena parte de nuestro capital para irnos a Nu,0,Otro,queja
24/11/2023,"Pero ya es muy tarde, el mal ya esta hecho... ",13,Otro,queja
25/11/2023,"No hijo, ya no te creo...",21,Otro,queja
25/11/2023,"Solamente sera este ano, alli mismo dice que en 2024 continuaran con las membresias",22,Otro,producto
25/11/2023,Como no tratar a tus clientes 101,22,Otro,queja
25/11/2023,Que se sigan hundiendo y veamos despues de abril como sigue nu.,15,Otro,queja
24/11/2023,Si les calo machin a esos batos ,13,Otro,queja
25/11/2023,"Jajaja, Banco chafa, hasta me desactivaron la aplicacion por ""Usuario Inactivo""  , en estos dias voy a cancelar mi cuenta",21,Otro,queja
24/11/2023,Les dolio el abandono.,13,Otro,queja
24/11/2023,"Me llego esto no se si sea algun tipo de broma, parece que no tienen idea de lo que la gente espera de un banco.  (editado)",21,Otro,queja
14/12/2023,"Alguien sabe como cancelar la membresia gratis que fue por este mes, porque al momento de entrar en la app no esta funcionando ese apartado y no quiero que me vayan a cobrar automaticamente la renovacion por error de su app",21,Otro,soporte
24/11/2023,"Es mejor que lo que ofrecian pero sigue sin ser suficiente, el rendimiento por inversion sigue bajo en comparacion a las alternativas que les bajaron la clientela y para colmo eso de la anualidad tampoco hara que los que se fueron regresen.",15,Otro,queja
25/11/2023,"Solo para decirles que los perros tambien eliminaron la opcion de aumentar linea para la tarjeta garantizada, por eso siempre da error al querer hacerlo en la app. (editado)",15,Otro,queja
24/11/2023,Hasta que recapacito Hey Banco,0,Otro,halago
24/11/2023,Aun asi nu ya le hizo el mandado a hey,0,Otro,queja
24/11/2023,Esa tarjeta Hey nunca me la aprueban,21,Otro,queja
24/11/2023,Ahorita no joven,13,Otro,queja
24/10/2023,"Si es verdad lo de la membresa de @heybanco se estn viendo bien pinche hambriados, entrara en el top 10 rugidos de tripas. Ni @BanCoppel se atrevi a tanto",20:43,Twitter,queja
24/10/2023,Pues @heybanco ya quit la mayora de sus beneficios a menos que pagues membresa. De mal en peor.,22:58,Twitter,queja
24/11/2023,"Vaya, vaya! @heybanco despus de ver la catstrofe que fueron las membresas parece que va a dar unos pasos para atrs con ellas.Incluso este mes NO cobrarn la membresa",22:44,Twitter,queja
10/11/2023,"Jajajaja, chequen cmo ustedes cobran por lo que en otros lados es gratis. Hasta @soynumx les est enseando cmo se hace.",19:09,Twitter,queja
26/10/2023,"Esto no est chido, to @heybanco! Quieres cobrar membresa para obtener recompensas y bajas la tasa de rendimiento de la inversin? Mejor me regreso a mis Puntos Banorte y Cetes",05:20,Twitter,queja
25/10/2023,Alguien sabe si hay diferencia entre la VENTA EXCLUSIVA que anuncia el to @TecatePalNorte y la VENTA ESPECIAL que dice @heybanco??A huevo tendremos que tener membresa MEGAFAN para la preventa o es algo aparte??,23:52,Twitter,queja
24/10/2023,"Elimino el Cashback, los boletos dorados y bajo el rendimiento de 10% a 9% a los Hey Pro. Ahora para tener esos beneficios se debe pagar una Membresa.",21:09,Twitter,queja
08/11/2023,"Una mejor opcin qu Hey Banco y su cochinada de anualidad impuesta, digo... Membresa.",19:49,Twitter,queja
02/01/2024,Otra vez @heybanco con su membresa de Fan? Aparte que su pantalla esta es sper molesta y aparece cada que das refresh aunque ya le hayas picado que no te interesa,13:28,Twitter,queja
25/10/2023,"Ahora mis renovaciones se irn a 28 das por un pagar al 10% cuando antes era semanal con 
@heybanco jaa ahora un 9%, no pues me regreso mejor a Banorte y sigo con la misma taza sin pagar una pendej4 membresa.",09:26,Twitter,queja
09/11/2023,"Hey Coins, Boleto dorado y membresas: la persona o consejo que aprob esos temas en @heybanco debera renuncia ya.",09:04,Twitter,queja
27/10/2023,"Buen da a todos, menos a los de Hey Banco que al parecer se quedaron con el CashBack de sus usuarios con la esperanza de hacerlos pagar una membresa y sin avisar.",08:09,Twitter,queja
25/10/2023,"Una Membresa Sper Desempleado para el ""Director"" que propuso y defendi esto.",08:56,Twitter,queja
25/10/2023,"rale, qu mierda tan grande acaba de hacer @heybanco quitando los beneficios de Hey Pro y ahora cobrando una membresa. Espero los usuarios se den cuenta y manden alv la plataforma por sus mamadas, Cmo cancelo mi cuenta con ustedes?",12:16,Twitter,queja
25/10/2023,Oye @heybanco me puedes decir a quien vergas se le ocurri la idea de cobrar una membresa para obtener el beneficio de cashback al comprar con tdc? Para decirle que es un pendejo. Gracias.,17:00,Twitter,queja
25/10/2023,Nunca antes haba visto que cobraran membresa para obtener los mximos rendimientos de una inversin. Necesitara invertir $6000 a 28 das para apenas quedar tablas wttfff.,14:51,Twitter,queja
25/10/2023,"El ltimo clavo al atad, empezaron muy bien, eran los mejores! Pero ahora con esto se volvern de los peores,",20:30,Twitter,queja
27/10/2023,Jajaja con su hey banco que ahora ya cobra membresa.,10:23,Twitter,queja
25/10/2023,"Hacer membresas, no vale en absoluto la pena, a menos que tengas una buena cantidad que pague la membresa y que adems te de una buen margen de ganancia.",15:00,Twitter,queja
10/11/2023,Con @soynumx tenemos 15% anual de rendimiento sin complicaciones como @heybanco que paso de 11% al 9%,13:32,Twitter,producto
25/10/2023,Hola! De hecho no respondieron a mi pregunta. Eso significa que ya no tendremos cashback si no pagamos la membresa?,11:30,Twitter,soporte
25/10/2023,"Asi es se pierde todo , quieres tenerlo tienes que pagar la membresia de mas de 2000 pesos como una anualidad.",08:54,Twitter,queja
26/10/2023,"Efectivamente, si no pagas membresa ya no hya cash back. Justo acabo de revisar y mis recompensas desaparecieron",08:19,Twitter,queja
25/10/2023,"Ahora resulta que un servicio financiero se volvi un Cosco o un Sam??, donde si no tienes una membresa no tienes beneficio?.. creo que @soynumx va a terminar ganando el marcado que ustedes van a perder",09:18,Twitter,queja
10/11/2023,"Resulta que ahora para que tengas una tasa de rendimiento del 9% anual en tus ahorros hay que comprar una membresa que cuesta $100, me parece una falta de respeto..",12:27,Twitter,queja
25/10/2023,Aaah oraaaale voy a contratar la membresa de me paso a otro banco,09:35,Twitter,queja
26/10/2023,"Son una basura, le cobran a sus clientes una anualidad disfrazada de membresa por beneficios que ya se tena.",10:05,Twitter,queja
30/10/2023,"Y cmo por qu le voy a pagar una membresa a @heybanco para que me de una tasa preferencial de 10% en inversin, cuando @klar_mx me la da del 14%, con el slo hecho de ser su cliente y pedir su tarjeta?",21:14,Twitter,producto
25/10/2023,de que sirve tener 1-2% de cashback en compras si se cancela con el costo de la membresa? que ridculo,09:15,Twitter,queja
25/10/2023,Nombre bye. Resulta que tienes que pagar una membresia para tener preferencia en la venta. Rugidon de tripas,17:06,Twitter,queja
28/04/2024,"@heybanco fue superado, abandonado en la basura, sigue en banca tradicional, completamente fuera del mercado y la competencia hoy da.",11:36,Twitter,queja
25/10/2023,"En cuanto al cashback, Banregio ofrece uno igual o mejor, sin cobrarte membresa. La direccin de Hey Banco lleva ms de una ao completamente extraviada ofreciendo sorteos tontos y swag como si fueran una marca de lifestyle. Se autodestruyeron.",14:44,Twitter,queja
25/10/2023,"Imagnate, pagar una membresa de 185 al mes es como tener una anualidad de 2,220 pesos.",13:13,Twitter,producto
25/10/2023,"Una verdadera pena esta membresa, yo siempre recomendaba este banco, pero esta estrategia esta fuera de lugar. Sera momento de mirar a otras bancas digitales",11:14,Twitter,queja
25/10/2023,"Es correcto, el cashback desaparece para los Hey pro y ser exclusivo para los que paguen membresa.",09:01,Twitter,producto
25/10/2023,Es basura,09:12,Twitter,queja
01/11/2023,"Mame y mame y mame @heybanco #heybanco #heybancoapesta ya porfin saque todo mi dinero de su app, fue un gusto mientras dur, sus membresas son un asco",14:26,Twitter,queja
25/10/2023,Pero que asco... espero despidan a quin aprob este cambio.,09:54,Twitter,queja
19/11/2023,Que asco de supuestos beneficios de la membresa @heybanco supuestamente tendra acceso a venta exclusiva de @TecatePalNorte.,11:19,Twitter,queja
22/02/2023,Te veas muy prometedor @heybanco pero tu servicio al cliente es un asco. Y que burla lo de las pantallas de despedida...,09:47,Twitter,queja
16/09/2023,"@heybanco les di la oportunidad y pues est del asco su servicio eso de que se caiga por das la app que horror @CondusefMX ojito aqui , es momento de buscar otra opcin.",19:23,Twitter,queja
02/04/2023,"Sinceramente un asco total el banco, supuestamente te ayudan a recuperar cargos no reconocidos y te aparecen los supuestos montos en ""positivo"" pero el saldo de la cuenta no concuerda.",22:42,Twitter,queja
20/05/2023,Vuelvo a confirmar que la app de Hey banco sigue siendo un asco,01:57,Twitter,queja
27/10/2023,"@heybanco una decepcin total, un banco que no recomiendo ms, quitan el cashback sin previo aviso. Un asco",11:05,Twitter,queja
01/09/2023,Ya bajo a 5% que asco @heybanco,18:04,Twitter,queja
25/10/2023,"No se dejen engaar con preventas Hey Banco son unos ladrones tengo una tarjeta Garantizada que no quieren cancelar para regresarme mi dinero, el servicio a cliente es nulo, ya tengo mi queja en Condusef evitense perder dinero y tiempo con HEY asco",18:15,Twitter,queja
28/02/2023,La respuesta es que es un caso aislado del cual darn respuesta en 45 das.Eres un asco de banco. @heybanco,14:10,Twitter,queja
30/08/2023,"@heybanco son un asco, primero me clonan la tarjeta, me bajan dinero, me reembolsan lo que les conviene (149 MXN) con el MISMO problema y los 879 quedan volando? (Porque no son 5 pesos?) voy a cerrar mi cuenta con ustedes y voy a ir a ponerles denuncia por corruptos.",11:33,Twitter,queja
31/05/2023,"Son un asco en sus sistema de cambio de hey coins, no respetan la fecha de entrega, he marcado varas veces y no dan solucin, no pueden ser tan ineficientes como para no poder mandar unos cdigos de Amazon o de innova sport, son una farsa",12:13,Twitter,queja
24/03/2023,"Su manera de validar mis documentos es una porquera, se demora minutos para que a la mera hora aparezca error, ya estoy pensando en dar de baja mi cuenta, que ASCO!!!",20:42,Twitter,queja
01/02/2023, cmo es posible que no puedan desbloquear un pin@che tarjeta ? Un buen de gente ya tiene ese problema y no lo puedes solucionar desde dentro. Ojal ya nadie contrate con uds. Asco de atencin,09:40,Twitter,queja
01/02/2023,Una decepcin,09:50,Twitter,queja
03/11/2023,"La verdad son muy buenos contra fraudes o cosas asi, los demas bancos se mega desentienden, a mi me han hecho todos los paros de la vida.",19,Twitter,halago
08/11/2023,Excelente noticia!!! El 15% esta genial y sin necesidad de pagar membresias absurdas ahora si tendra mucho de que arrepentirse,13,Twitter,producto
09/11/2023,defiendete !!!,17,Twitter,halago
09/11/2023,bajo el rendimiento de la inversion mientras que la subio. Todo perfectamente equilibrado,7,Twitter,halago
21/11/2023,No dudo que hayas sido tu hahahahahahaha.,21,Twitter,halago
27/11/2023,Gracias  @soynumx @nubank espero sirva de aprendizaje a las demas plataformas si quieren nuestro dinero como inversionistas. Fyi @dinnactinver @heybanco @uala @uala_mex @MercadoPagoMex @FinsusApp,23,Twitter,halago
27/11/2023,"Increible atencion al cliente de siempre he pagado a tiempo, estoy dentro del plazo de pago y...",9,Twitter,halago
28/11/2023,el mejor banco,10,Twitter,halago
29/11/2023,"Me uni a en julio de 2019 y me ha resultado muy util para mis transacciones en linea, la verdad la recomiendo mucho",9,Twitter,halago
30/11/2023,"Hey Banco me gusta mucho, iwal mercado pago apae de q es super practico y el dinero q tienes ahi esta inveido en gbm y te genera unos pesitos extras",10,Twitter,halago
01/12/2023, Promocion para todos nuestros clientes Hey! Aprovecha las compras de temporada y recibe recompensas en efectivo. List@ p...,21,Twitter,producto
01/12/2023,Me gustaba porque repoaba a buro de credito,16,Twitter,producto
01/12/2023,Hey. Banco que haya salido a la luz la coreo completa. Me gusto el final a lo indio. Como se llama la obra que interpretan?,8,Twitter,halago
02/12/2023,Siempre estoy recomendando y llevo 2 meses sin tarjeta  regresar a Banamex sera la solucion?,20,Twitter,queja
02/12/2023,terminos y condiciones por favor,11,Twitter,soporte
05/12/2023,Jajajaja,15,Twitter,halago
07/12/2023,Breve leccion de economia. Aprende a no pagarle a y a cobrar por depositar en y al mismo tiempo que luchas contra el Gaza_Genocide,10,Twitter,halago
07/12/2023,. Llegan nuevos instrumentos financieros y te ofrecen hasta el 13 por ciento de dinero adicional por cada dia que guardes tu dinero mientras que te cobra si no lo mueves por mas de seis meses. Por eso esta en,9,Twitter,halago
09/12/2023,"Jamas pense que me quedaria con Hey Banco despues de todas las mamadas que estan haciendo pero literalmente es la mejor opcion que tengo. En fin, chingada madre HSBC, tremendo pedo por una compra de 150 pesos.",16,Twitter,producto
09/12/2023,"Correcto, sin mas preambulos.",16,Twitter,producto
14/12/2023,Aparecio una buena promo en al contratar un seguro para tu celular.,18,Twitter,halago
14/12/2023,"El canje de las hey Coins de por tarjetas de regalo de Amazon ya son instantaneas, te llegan los codigos casi al ins...",11,Twitter,producto
14/12/2023,"Excelente pregunta, que de dijeron bro?...",10,Twitter,halago
14/12/2023,"El canje de las hey Coins de por tarjetas de regalo de Amazon ya son instantaneas, te llegan los codigos casi al instante. Recuerdan lo que me paso hace unos meses? ",10,Twitter,producto
15/12/2023,"Confirmo el dia de hoy cambie mis Hey coins y en el correo de confirmacion ya viene el codigo, todo cool ya hasta realizo mi compra ",16,Twitter,halago
17/12/2023,Amamos las recompensas de ,16,Twitter,producto
17/12/2023,Con para que me patrocine mas juegos del MaratonDevir,12,Twitter,producto
18/12/2023,"Evalue cambiar a HeyBanco! por Nu, debido a la tasa de rendimiento y wow, gratamente sorprendida.",10,Twitter,producto
19/12/2023,Muy amablemente su AreaEspecializada me dio solucion. ^R,21,Twitter,soporte
22/12/2023,"Te la recomiendo, atencion inmediata, tambien para ti un abrazo y felices fiestas, abrazo para toda la familia.",17,Twitter,halago
22/12/2023,"Entiendo, con la de Baz me transfiero de la de credito a la de Azteca, entra como una compra y no me genera comision. Te la recomiendo y muy accesible",17,Twitter,producto
22/12/2023,"Excelente, gracias por la informacion.",15,Twitter,halago
22/12/2023,"Hola Pepe, buenos dias. Te atiende Sofia, es un gusto saludae. Nos podrias compair via DM mayor detalle de la situacion que presentas con tu aplicacion BBVA Mexico, por favor? 1/2",11,Twitter,soporte
27/12/2023,"Manifestando ganarme el soeo de HeyBanco. Hecho esta, lo declaro, soy abundancia.",9,Twitter,halago
28/12/2023,"Hola! He mantenido un buen historial con ustedes, tengo la duda de que hacer para que me aumenten la linea de credito TDC?",22,Twitter,soporte
30/12/2023,Gracias ayer me atendieron rapido por llamada ya quedo resuelto,9,Twitter,halago
01/01/2024,"Ano Nuevo, novedades nuevas que les parece este ajuste de HEYBANCO? Anualidad y HEY PRO forzado  Me parece una mejor opcion",14,Twitter,producto
01/01/2024,"Hay que transmitir informacion fidedigna y real, ya lleva algunos anos operando...",9,Twitter,halago
02/01/2024,"Te recomiendo Hey banco, no tiene nada de eso y puedes retirar en cualquier HSBC o inbursa sin comision.",17,Twitter,producto
04/01/2024,"Hoy fui a la Fanshop de Hey banco y me la pase super chido, ademas hice un amix ",22,Twitter,producto
04/01/2024,"otra opcion que en lo personal podria recomendae, tambien tiene buenas promociones y MSI",12,Twitter,halago
04/01/2024,la mejor,11,Twitter,halago
05/01/2024,Va gracias les mande dm,12,Twitter,soporte
07/01/2024,esta mejor,18,Twitter,halago
07/01/2024,puro ese mejor nu nu fonite foniteog,17,Twitter,halago
08/01/2024,"Yo: voy a trabajar Mi hermana: Oye, entonnces como valido mi HeyBanco Papas: Oye, que hay un tema con el depa ;_; jajajaja pero bueno, agradezco que haya alguien alla que me ayude a resolverlo.",11,Twitter,halago
09/01/2024,"Tengo un Pixel 5, genio.",23,Twitter,halago
09/01/2024,Si ya todo bien Senor Lampi,0,Twitter,halago
10/01/2024,"Uy, ya los contacte, incluso les mande video al correo electronico que me senalo la persona que me contesto, actualice mi sistema operativo y sigue igual, esto sucede solo con la app del Banco Hey, tengo apps de otros bancos y funcionan perfecto.",13,Twitter,queja
10/01/2024, Promocion para todos nuestros clientes Hey! Aprovecha las compras de temporada y recibe recompensas en efectivo. List@ p...,12,Twitter,producto
11/01/2024,Gracias,15,Twitter,halago
13/01/2024,Ya llame y ya me ayudaron gracias,13,Twitter,halago
14/01/2024,No tiene limites jajaja gpt-4 gratis,14,Twitter,halago
15/01/2024,"Quedo solucionado el fin de semana, gracias",12,Twitter,halago
16/01/2024,Listo ya quedo muchas gracias.,18,Twitter,halago
17/01/2024,"HeyBanco y nu son mucho mejores, para los que andan buscando moverse.",22,Twitter,producto
17/01/2024,"Por si ocupan, excelentes alternativas a BancoAztecaEnQuiebra 1. HeyBanco - Sin comisiones, contratacion en linea, +23K puntos para retirar $ 2. NuBank - Sin comisiones, contratacion en linea, retiro de efectivo en supermercados.",21,Twitter,halago
17/01/2024,"Excelentes alternativas a 1. HeyBanco - Sin comisiones, contratacion en linea, +23K puntos para retirar $ 2. NuBank - Sin comisiones, contratacion en linea, retiro de efectivo en supermercados",19,Twitter,halago
17/01/2024,"Excelentes alternativas a : 1. HeyBanco - Sin comisiones, contratacion en linea, +23K puntos para retirar $ 2. NuBank - Sin comisiones, contratacion en linea, retiro de efectivo en supermercados",19,Twitter,halago
17/01/2024,"Excelentes alternativas a Banco Azteca: 1. HeyBanco - Sin comisiones, contratacion en linea, +23K puntos para retirar $ 2. NuBank - Sin comisiones, contratacion en linea, retiro de efectivo en supermercados",19,Twitter,halago
18/01/2024,Celebramos 6 anos en Hey Banco!  Gracias por confiar en nosotros en este viaje; tu apoyo ha sido fundamental para nuestro...,12,Twitter,halago
19/01/2024,"Buen dia, envie correo justo ahora. Gracias.",11,Twitter,soporte
19/01/2024,Buenos dias. Con la maravillosa sorpresa de que mi cuenta amanecio en ceros ,10,Twitter,soporte
21/01/2024,Listo!!,19,Twitter,halago
21/01/2024,"Raro, yo he realizado varias transacciones sin problema",18,Twitter,soporte
21/01/2024,la mejor opcion rendimiento del 13%,9,Twitter,halago
21/01/2024,Hola! Tambien me gustaria unirme porfa.,17,Twitter,soporte
21/01/2024,"Agrega la app nunca me ha fallado, su proceso de contratacion es agil pues al par que abres la cuenta te evalua para la tarjeta de credito; depositos y transferencias inmediatas.",11,Twitter,queja
22/01/2024,Dinero deberian darme los de pero gracias por un ano de servicios.,17,Twitter,producto
22/01/2024,"Muchisimas gracias! se comprometio a resolver el problema con fecha limite al 25 de enero de 2024, de no ser asi enseguida me pondre en contacto con",16,Twitter,soporte
22/01/2024,Muchas gracias,13,Twitter,halago
22/01/2024,"Les agradezco mucho la atencion, me pondre en contacto con ustedes.",12,Twitter,soporte
23/01/2024,estamos mas que listos  ansiosos Desconectate por 3 dias en el Acustico Hey Banco de TecatePalNoe ,12,Twitter,producto
25/01/2024,Funciona mucho mejor que el de ,21,Twitter,halago
26/01/2024,Jajajaja lo ame,22,Twitter,halago
26/01/2024,Jajaja,17,Twitter,halago
29/01/2024,"Hola, buenas tardes. Te atiende Luz, es un placer saludae. Con gusto podemos apoyae, por favor escribenos a nuestra cuenta oficial en Twitter ( ) para brindarle seguimiento a tu solicitud y compaie la informacion correspondiente. 1",18,Twitter,halago
29/01/2024,"Listo, gracias.",15,Twitter,halago
30/01/2024,Hola valdria la pena que cuando hagan cambios dan un resumen de los cambios realizados en el contrato y no manden las 60 hojas completas.  CharlyTip mejora la experiencia del cliente.,15,Twitter,soporte
01/02/2024,Me encantan las respuestas de a las fallas repoadas en su App ,14,Twitter,soporte
01/02/2024,"de debito puedes pedir nu desde la app, tmb hey banco, yo tengo esa y no me piden minimo ni me cobran por manejo de cuenta, esa la abri xq tuve un pedo con la nomina en banamex y la usaba como para ahorrar pero ahora la uso casi para todo heejej, la tj fisica me costo 109 creo",0,Twitter,producto
02/02/2024,"Y aprovecho el tuit para recomendarles a hey banco, yo lqm  ni una sola queja en dos anos",11,Twitter,halago
06/02/2024,interesante,11,Twitter,halago
07/02/2024,Mejor aumenten lineas de credito! ,2,Twitter,producto
08/02/2024,"Hey banco no, es ilimitado jajajaja, suena increible.",20,Twitter,halago
08/02/2024,"Cada mas agradecido de peenecer a !! Si ocupan un banco que solucione, este es el mero bueno! Thkss",19,Twitter,producto
08/02/2024,"Por eso me encanta Su app es simplemente increible! . Ademas de ser super intuitiva, Cashback en todas tus compras...",18,Twitter,producto
08/02/2024,"Aaawww que bonito, hey Banco mucho la cola :D",5,Twitter,producto
09/02/2024,Gracias,13,Twitter,halago
10/02/2024,trae la de hey banco  humilde mi chiquito,10,Twitter,producto
11/02/2024,"Para los que se preguntan donde conseguir la tarjeta, la pueden sacar en Hey Banco con muchos disenos a elegir",11,Twitter,producto
12/02/2024,"Ya es lo que empezare a hacer, gracias....",20,Twitter,halago
12/02/2024,"Jajaj FIJA-TE como no te dije pero en fin.... so far, so good ",16,Twitter,halago
12/02/2024,"Mira amixe al fin, abri mi cuenta me llego super rapido, en 2 dias, por dhl y pues nada, me ha encantado!! ",16,Twitter,halago
13/02/2024,Celebra el amor con estilo este San Valentin!  Descubre las ultimas colecciones de tus marcas favoritas aqui: SomosHey HeyMedia HeyBanco SanValentin Regalos,17,Twitter,halago
13/02/2024,Comerciales tan ganadores como los Kansas Chiefs que nos dejo el SuperBowl este ano: SomosHey HeyMedia HeyBanco Comerciales SBLVIII MichaelCera JLo MainScorsese,16,Twitter,producto
13/02/2024,por favor de su apoyo para saber los modulos que tienen en CDMX. Gracias.,12,Twitter,soporte
19/02/2024,"Ya se arreglo, gracias.",12,Twitter,halago
20/02/2024,tenencia a 6MSI y los amo!  ,9,Twitter,halago
21/02/2024,Al fin recupere mi cuenta de Los amo! ,15,Twitter,producto
22/02/2024,"Hey, hey, hey, banco  Esto es perfecto",10,Twitter,queja
29/02/2024,Gracias por la informacion. Me fue muy util.,21,Twitter,halago
01/03/2024,"Ya tengo 11 meses con la TDC garantizada con buen uso, cuando me van a graduar? Recuerdo que cuando la contrate decia 6 meses de buen uso :(",23,Twitter,halago
01/03/2024,nunca falla ,19,Twitter,queja
01/03/2024,"Muchas gracias, ya sali del apuro gracias a y .",4,Twitter,halago
02/03/2024,Gracias. Ya revise,14,Twitter,halago
06/03/2024,Jaja gracias! ,20,Twitter,halago
06/03/2024,Te recomiendo,16,Twitter,halago
08/03/2024,Sabado Perpetuo ,2,Twitter,halago
13/03/2024,Gracias por la atencion,21,Twitter,halago
13/03/2024,"Muchas gracias, ya quedo :)",20,Twitter,halago
15/03/2024,Agree contigo A la versh ,1,Twitter,halago
16/03/2024,"Hice por mail una sugerencia en la app en cuanto a que den facilidades para modificar/actualizar un dato como lo es el numero de cel. Me responden de que me comunique por telefono, y a ver que me digan ahi. Que facilidad ayuda viene a ser esa...!? Nomas no sacan de apuros. ",16,Twitter,soporte
18/03/2024,Gracias por la atencion!,17,Twitter,halago
18/03/2024,"Hola, buenos dias. Te atiende Luz, es un placer saludae. Para nosotros son muy impoantes tus comentarios, por lo que nos interesa saber mas sobre tu experiencia. Nos puedes brindar mayor detalle de la situacion que presentas, por favor? 1",17,Twitter,soporte
19/03/2024,Gracias ya hable via telefonica y se resolvio mi inquietud,18,Twitter,halago
22/03/2024,Te amo Gran experiencia ir a la hey shop Lxs tqm,21,Twitter,halago
23/03/2024,"Me recomendaron charliehack50 en TELEGRAM. El puede ayudae a solucionar este problema. Recupere el mio con su ayuda, asi que lo recomiendo como la mejor y mas rapida opcion.",21,Twitter,soporte
26/03/2024,Buen dia! Hay alguna promocion a MSI para el pago de tenencia del ? Saludos,6,Twitter,halago
27/03/2024,"Yo si recomiendo! Aunque siento que es dificil que te la aprueben si nunca has tenido una, o si no tienes historial con banamex (al menos he escuchado casos asi), mi primera tdc fue de heybanco y recomiendo, en ese tiempo daban 1 o 2% de recompensas en compras con la tarjeta+",20,Twitter,producto
27/03/2024,"Gracias a por invitarnos a conocer mas sobre la coleccion retro asi como los detalles y obsequios ! Mi Tarjeta es la de Anime , acorde para comprar los boletos de cine para la nueva pelicula de rascaldoesnotdream",2,Twitter,soporte
28/03/2024,Hola. Estaremos encantados de asistie de la mejor manera. Te invitamos a que nos escribas un DM y con gusto te ayudaremos con toda la informacion que requieres. Estaremos pendientes de ti.,20,Twitter,soporte
28/03/2024,gracias didi por la confianza y incrementar mi linea de credito a 20k ni y mean ofreciendo tanto credito gracias solo faltaria los MSI,18,Twitter,halago
28/03/2024,"Hola! Gracias, acabo de enviar correo.",17,Twitter,soporte
30/03/2024,"hola, Les mande dm :)",19,Twitter,soporte
30/03/2024,Ayer me gane un sombrerito en y real me quedaba con mi outfit jajajaja y fui feliz todo el festival. Me lo chulearon mucho ,18,Twitter,halago
31/03/2024,A diferencia de ustedes han demostrado una verdadera comprension de las necesidades de sus clientes. Gracias por hacer posible que mis proyectos se hagan realidad! ,23,Twitter,halago
31/03/2024,TE AMO UN CHINGO ,2,Twitter,halago
04/04/2024,Akamba regresa gracias a Aprovecha la venta PRE Cael presentada por Hey Banco. Disfruta de esta etapa unica...,8,Twitter,halago
04/04/2024,Lo mio se resolvio facil. Solo entra a la banca en linea desde una computadora y te dira que estas bloqueado pero pones el token de tu cel y listo. Suee,1,Twitter,halago
05/04/2024,Para mi eso es mas que suficiente.,2,Twitter,producto
07/04/2024,"Me recomendaron charliehack50 en TELEGRAM. El puede ayudae a solucionar este problema. Recupere el mio con su ayuda, asi que lo recomiendo como la mejor y mas rapida opcion.",23,Twitter,soporte
10/04/2024,Tambien necesito ayuda,21,Twitter,halago
10/04/2024,Listo!,16,Twitter,halago
10/04/2024,Gracias ya lo solucione,16,Twitter,halago
12/04/2024,"buenos dias, llevo desde el otro fin de semana tratando de pagar mis tarjetas pero no puede transferir a hey banco desde mi cuenta principal. ME REGRESAN TODAS LAS TRANSFERECIAS AYUDA",17,Twitter,producto
15/04/2024,Y asi es como le gano la carrera de las fintech a Con una aplicacion que siempre funciona y es amigable con el cliente.,23,Twitter,soporte
16/04/2024,Gracias,17,Twitter,halago
17/04/2024,gracias ,4,Twitter,halago
18/04/2024,Gracias,17,Twitter,halago
18/04/2024,los amo! Gracias ya pude entrar a mi App saludos ,15,Twitter,soporte
18/04/2024,Sigue sin dejarme aumentar mi linea de la tarjeta de credito garantizada,4,Twitter,queja
21/04/2024,"Ahora confirmo, gracias estimado",15,Twitter,halago
23/04/2024, de acuerdo!! Muchas gracias.,22,Twitter,halago
23/04/2024,"Tio cuando me van a graduar, tengo la TDC garantizada ya hace mas de un ano que la saque, y recuerdo que decian que con 6 meses de buen uso, ayuda :c",21,Twitter,soporte
25/04/2024,"una duda, con quien tengo que ver si tengo problemas para aumentar mi linea de credito de mi tarjeta hey garantizada, la app no me deja marca un error. Me pasa igual en mis 2 telefonos que tengo.",0,Twitter,queja
26/04/2024,"Wey, lo mejor de es que puedo pagar con Apple Pay ",13,Twitter,halago
